vehicle_id,depart_time,arrival_time,duration,waiting_time,route_length,time_loss
0,0.0,68.0,68.0,0.0,863.15,7.87
22,33.0,125.0,92.0,0.0,681.2,10.71
28,42.0,128.0,86.0,0.0,719.84,8.49
40,60.0,145.0,85.0,0.0,724.48,9.53
67,101.0,202.0,101.0,0.0,680.84,14.58
96,144.0,206.0,62.0,0.0,597.48,7.3
55,83.0,245.0,162.0,26.0,1054.55,46.69
118,177.0,249.0,72.0,0.0,916.69,14.71
133,200.0,253.0,53.0,0.0,366.72,8.97
94,141.0,254.0,113.0,0.0,931.88,12.5
113,170.0,265.0,95.0,40.0,522.3,56.21
120,180.0,277.0,97.0,9.0,898.3,30.01
33,50.0,278.0,228.0,24.0,1990.72,61.03
108,162.0,279.0,117.0,12.0,1028.79,34.92
57,86.0,290.0,204.0,33.0,1917.36,62.57
154,231.0,292.0,61.0,0.0,721.6,8.88
23,35.0,294.0,259.0,160.0,674.91,180.81
77,116.0,303.0,187.0,0.0,1854.3,16.5
126,189.0,306.0,117.0,15.0,1064.98,37.68
34,51.0,308.0,257.0,0.0,2444.64,30.11
42,63.0,336.0,273.0,23.0,2856.89,55.22
128,192.0,338.0,146.0,37.0,1046.35,58.59
97,146.0,365.0,219.0,72.0,1763.16,100.27
69,104.0,366.0,262.0,0.0,2677.61,25.24
131,197.0,374.0,177.0,0.0,1890.75,19.44
176,264.0,377.0,113.0,0.0,753.03,20.91
210,315.0,377.0,62.0,0.0,526.73,12.48
10,15.0,381.0,366.0,147.0,2410.81,195.36
139,211.0,381.0,170.0,0.0,1670.3,22.32
138,207.0,386.0,179.0,0.0,1697.73,16.38
119,179.0,390.0,211.0,53.0,1428.03,82.41
116,174.0,392.0,218.0,0.0,1660.12,34.42
149,224.0,392.0,168.0,0.0,1956.38,18.36
20,30.0,396.0,366.0,0.0,2921.37,42.12
50,75.0,400.0,325.0,215.0,1040.95,242.0
79,119.0,413.0,294.0,0.0,2003.83,39.27
159,239.0,426.0,187.0,2.0,1842.83,28.18
66,99.0,429.0,330.0,189.0,1432.79,219.76
91,137.0,434.0,297.0,138.0,1448.07,166.01
170,255.0,435.0,180.0,0.0,1876.8,21.59
56,84.0,439.0,355.0,1.0,3600.76,37.42
181,272.0,442.0,170.0,65.0,1153.75,90.85
186,279.0,446.0,167.0,0.0,1297.93,25.05
115,173.0,455.0,282.0,122.0,1468.53,154.25
129,194.0,461.0,267.0,0.0,2380.4,33.2
47,71.0,474.0,403.0,97.0,2473.34,149.99
226,339.0,474.0,135.0,42.0,1064.75,63.82
3,5.0,478.0,473.0,261.0,2484.02,321.48
37,56.0,484.0,428.0,78.0,3492.56,166.66
88,132.0,496.0,364.0,198.0,1215.61,254.33
61,92.0,500.0,408.0,117.0,3020.11,170.65
14,21.0,507.0,486.0,315.0,1772.84,359.67
167,251.0,510.0,259.0,130.0,1431.87,164.65
301,452.0,511.0,59.0,2.0,440.15,13.07
58,87.0,515.0,428.0,262.0,1799.25,281.88
293,440.0,516.0,76.0,0.0,901.94,12.49
18,27.0,518.0,491.0,350.0,1378.07,394.04
232,348.0,521.0,173.0,0.0,1452.23,19.54
7,11.0,522.0,511.0,0.0,4515.32,48.31
85,128.0,526.0,398.0,266.0,1634.25,291.91
72,108.0,529.0,421.0,233.0,1838.79,278.08
106,159.0,533.0,374.0,189.0,2283.86,231.83
111,167.0,534.0,367.0,132.0,2170.42,163.75
48,72.0,539.0,467.0,301.0,1809.09,330.72
168,252.0,544.0,292.0,114.0,1550.99,152.76
163,245.0,546.0,301.0,81.0,2420.79,138.91
30,45.0,547.0,502.0,321.0,1889.17,378.67
114,171.0,562.0,391.0,214.0,2090.0,263.61
65,98.0,570.0,472.0,211.0,2627.63,251.92
2,3.0,571.0,568.0,338.0,2705.54,385.59
99,149.0,573.0,424.0,100.0,3597.49,163.16
135,203.0,575.0,372.0,0.0,3972.09,38.1
243,365.0,576.0,211.0,98.0,1131.73,120.54
363,545.0,584.0,39.0,0.0,349.18,5.93
290,435.0,585.0,150.0,0.0,1490.88,12.94
332,499.0,586.0,87.0,14.0,652.06,33.82
123,185.0,588.0,403.0,116.0,3473.32,158.57
219,329.0,588.0,259.0,3.0,2166.93,33.14
261,392.0,590.0,198.0,3.0,1811.68,32.56
151,227.0,602.0,375.0,180.0,1818.27,220.37
296,444.0,610.0,166.0,61.0,1325.86,92.61
354,531.0,611.0,80.0,0.0,553.07,11.86
153,230.0,612.0,382.0,144.0,2181.53,179.39
64,96.0,615.0,519.0,99.0,3750.54,154.58
87,131.0,616.0,485.0,365.0,1362.98,394.65
281,422.0,620.0,198.0,86.0,1345.48,117.23
161,242.0,624.0,382.0,3.0,3963.15,67.93
375,563.0,625.0,62.0,0.0,191.93,13.54
68,102.0,626.0,524.0,272.0,2632.48,333.1
230,345.0,629.0,284.0,199.0,599.69,239.41
98,147.0,631.0,484.0,305.0,1657.14,369.86
95,143.0,632.0,489.0,278.0,2119.53,337.63
93,140.0,633.0,493.0,160.0,3176.28,249.89
368,552.0,633.0,81.0,28.0,426.76,38.82
206,309.0,635.0,326.0,152.0,2064.04,188.69
335,503.0,635.0,132.0,2.0,959.93,19.1
237,356.0,644.0,288.0,0.0,1560.03,47.89
110,165.0,645.0,480.0,147.0,3982.75,214.71
52,78.0,646.0,568.0,281.0,3399.94,359.19
406,609.0,646.0,37.0,0.0,241.08,5.24
76,114.0,649.0,535.0,336.0,1920.07,384.76
297,446.0,649.0,203.0,18.0,1773.61,36.36
315,473.0,649.0,176.0,17.0,1876.0,46.98
202,303.0,654.0,351.0,198.0,1214.61,245.72
218,327.0,657.0,330.0,20.0,3105.36,54.21
24,36.0,661.0,625.0,200.0,3561.6,240.01
386,579.0,662.0,83.0,0.0,826.78,12.82
223,335.0,672.0,337.0,56.0,2097.31,159.21
277,416.0,672.0,256.0,1.0,2789.11,38.68
361,542.0,673.0,131.0,0.0,1122.88,14.13
60,90.0,678.0,588.0,338.0,2617.9,386.37
75,113.0,680.0,567.0,349.0,1839.98,399.34
319,479.0,682.0,203.0,0.0,1711.63,26.38
41,62.0,685.0,623.0,352.0,2607.46,396.2
233,350.0,685.0,335.0,112.0,2267.46,181.76
125,188.0,688.0,500.0,182.0,3342.29,298.56
74,111.0,699.0,588.0,248.0,3654.07,326.11
300,450.0,701.0,251.0,29.0,2823.28,67.94
162,243.0,704.0,461.0,224.0,2311.45,289.57
345,518.0,705.0,187.0,52.0,1040.48,84.14
213,320.0,708.0,388.0,268.0,1242.6,292.64
271,407.0,711.0,304.0,43.0,2213.43,74.79
164,246.0,712.0,466.0,109.0,3485.05,194.15
234,351.0,726.0,375.0,137.0,1762.16,179.82
280,420.0,729.0,309.0,113.0,2066.31,152.27
288,432.0,732.0,300.0,4.0,3221.82,49.12
27,41.0,742.0,701.0,509.0,1826.24,568.97
269,404.0,745.0,341.0,167.0,1604.14,198.27
192,288.0,749.0,461.0,234.0,2499.32,277.76
289,434.0,749.0,315.0,23.0,2858.28,88.56
191,287.0,750.0,463.0,291.0,1398.62,324.27
101,152.0,751.0,599.0,239.0,3224.19,316.46
187,281.0,755.0,474.0,65.0,3556.27,150.25
330,495.0,757.0,262.0,22.0,2258.63,48.23
44,66.0,758.0,692.0,437.0,3111.92,509.2
282,423.0,759.0,336.0,206.0,1291.24,234.68
436,654.0,760.0,106.0,0.0,961.13,11.77
140,210.0,762.0,552.0,187.0,2885.99,302.13
366,549.0,763.0,214.0,53.0,1624.94,95.76
424,636.0,763.0,127.0,0.0,1102.39,14.63
408,612.0,768.0,156.0,0.0,1592.97,13.59
412,618.0,783.0,165.0,0.0,1583.39,14.57
36,54.0,784.0,730.0,354.0,3374.99,428.35
318,477.0,792.0,315.0,188.0,1000.0,230.84
339,509.0,797.0,288.0,119.0,2289.18,152.89
15,23.0,798.0,775.0,534.0,2734.05,593.27
242,363.0,802.0,439.0,127.0,2858.13,188.1
355,536.0,802.0,266.0,168.0,736.75,213.62
259,389.0,803.0,414.0,237.0,1261.42,276.78
174,261.0,809.0,548.0,280.0,2825.03,345.39
362,543.0,809.0,266.0,189.0,810.99,220.79
492,738.0,810.0,72.0,0.0,758.02,11.38
504,756.0,813.0,57.0,0.0,604.95,7.6
250,375.0,816.0,441.0,116.0,3103.95,158.75
429,644.0,818.0,174.0,2.0,1839.75,49.05
117,176.0,819.0,643.0,300.0,3849.3,394.7
29,44.0,821.0,777.0,637.0,1193.14,689.43
349,524.0,822.0,298.0,124.0,1603.67,156.59
384,576.0,833.0,257.0,19.0,2290.16,50.1
175,263.0,835.0,572.0,364.0,1724.18,417.58
465,698.0,835.0,137.0,0.0,1478.59,16.21
346,519.0,841.0,322.0,78.0,2786.48,136.85
419,629.0,841.0,212.0,28.0,1283.9,67.39
278,417.0,843.0,426.0,196.0,1978.1,257.73
541,812.0,844.0,32.0,0.0,95.04,7.3
536,804.0,849.0,45.0,0.0,429.74,9.75
263,395.0,852.0,457.0,41.0,3353.9,112.58
244,366.0,864.0,498.0,288.0,1920.58,348.47
559,839.0,867.0,28.0,0.0,229.97,4.76
540,810.0,870.0,60.0,0.0,803.79,9.2
136,204.0,871.0,667.0,455.0,2281.27,529.82
529,794.0,871.0,77.0,1.0,628.57,15.12
304,456.0,874.0,418.0,202.0,1297.62,262.98
83,125.0,875.0,750.0,608.0,1551.34,649.38
405,608.0,876.0,268.0,119.0,2090.49,157.69
524,786.0,885.0,99.0,0.0,783.18,20.3
26,39.0,888.0,849.0,280.0,4640.96,379.56
241,362.0,888.0,526.0,250.0,2153.07,337.76
287,431.0,888.0,457.0,231.0,2123.74,272.14
525,788.0,888.0,100.0,0.0,335.18,21.22
216,324.0,889.0,565.0,420.0,1525.36,455.12
422,633.0,891.0,258.0,69.0,1943.5,100.32
45,68.0,894.0,826.0,583.0,2330.2,656.2
456,684.0,909.0,225.0,92.0,1286.77,132.41
484,726.0,916.0,190.0,0.0,1496.49,24.28
395,593.0,922.0,329.0,131.0,2690.09,209.62
89,134.0,924.0,790.0,479.0,3148.91,559.95
371,557.0,925.0,368.0,201.0,2267.48,251.91
143,215.0,926.0,711.0,404.0,3035.77,540.35
21,32.0,927.0,895.0,565.0,4004.94,641.56
86,129.0,928.0,799.0,603.0,2328.21,642.78
520,780.0,930.0,150.0,2.0,1088.84,25.12
396,594.0,931.0,337.0,31.0,2811.05,70.02
431,647.0,931.0,284.0,170.0,784.94,201.0
63,95.0,937.0,842.0,500.0,4673.61,560.32
302,453.0,937.0,484.0,204.0,2958.95,264.58
9,14.0,938.0,924.0,534.0,4299.41,642.95
336,504.0,939.0,435.0,325.0,1339.66,352.43
357,536.0,939.0,403.0,161.0,2178.19,220.29
411,617.0,940.0,323.0,119.0,2080.9,179.88
517,776.0,941.0,165.0,1.0,1193.35,25.01
183,275.0,943.0,668.0,385.0,2694.25,470.39
217,326.0,947.0,621.0,386.0,3389.52,446.74
494,741.0,947.0,206.0,0.0,2092.24,32.21
303,455.0,949.0,494.0,279.0,2198.15,327.23
359,539.0,949.0,410.0,0.0,3164.69,39.48
13,20.0,950.0,930.0,545.0,4550.41,655.38
291,437.0,950.0,513.0,296.0,2073.98,331.36
397,596.0,950.0,354.0,246.0,1248.28,270.27
155,233.0,951.0,718.0,399.0,3313.48,492.08
348,522.0,954.0,432.0,41.0,4364.0,119.06
147,221.0,962.0,741.0,474.0,2532.34,537.84
130,195.0,963.0,768.0,539.0,2191.49,606.01
377,566.0,966.0,400.0,144.0,3015.04,216.5
171,257.0,967.0,710.0,509.0,1862.76,566.46
562,846.0,979.0,133.0,0.0,1314.25,14.95
507,761.0,980.0,219.0,0.0,1575.95,23.83
204,306.0,981.0,675.0,414.0,3047.08,490.9
311,467.0,983.0,516.0,297.0,2501.14,348.53
194,291.0,986.0,695.0,478.0,2192.89,544.68
629,944.0,986.0,42.0,0.0,267.57,7.94
132,198.0,989.0,791.0,522.0,2793.4,567.33
283,425.0,992.0,567.0,115.0,4462.82,176.56
610,915.0,992.0,77.0,2.0,545.13,14.76
80,120.0,995.0,875.0,619.0,2921.71,696.4
603,905.0,996.0,91.0,0.0,878.13,8.96
179,269.0,999.0,730.0,401.0,3130.18,480.8
49,74.0,1000.0,926.0,755.0,1969.01,782.71
235,353.0,1003.0,650.0,285.0,3706.86,399.44
100,150.0,1008.0,858.0,543.0,4524.91,618.75
127,191.0,1008.0,817.0,556.0,2654.26,594.29
212,318.0,1008.0,690.0,467.0,2150.07,521.96
152,228.0,1013.0,785.0,468.0,3466.89,549.0
574,861.0,1014.0,153.0,0.0,1219.24,17.34
124,186.0,1015.0,829.0,441.0,4001.26,572.17
209,314.0,1015.0,701.0,165.0,5259.88,240.77
388,582.0,1016.0,434.0,242.0,2203.4,307.08
240,360.0,1017.0,657.0,310.0,3041.33,380.84
523,785.0,1019.0,234.0,0.0,2442.86,26.89
539,809.0,1020.0,211.0,10.0,1813.96,48.57
195,293.0,1022.0,729.0,402.0,2245.72,460.33
369,554.0,1022.0,468.0,316.0,1569.03,369.69
8,12.0,1023.0,1011.0,584.0,4583.47,690.05
338,507.0,1023.0,516.0,196.0,3175.48,246.79
177,266.0,1024.0,758.0,469.0,2905.14,573.95
203,305.0,1024.0,719.0,455.0,3013.03,526.43
81,122.0,1028.0,906.0,560.0,3875.11,636.58
189,284.0,1029.0,745.0,377.0,4208.6,477.4
253,380.0,1029.0,649.0,423.0,2137.92,502.7
333,500.0,1029.0,529.0,0.0,4601.8,52.1
256,384.0,1030.0,646.0,255.0,4033.37,344.85
578,867.0,1030.0,163.0,19.0,1146.24,51.42
70,105.0,1031.0,926.0,514.0,4600.48,616.13
266,399.0,1034.0,635.0,283.0,3678.81,352.03
380,570.0,1039.0,469.0,0.0,3254.69,55.98
623,935.0,1042.0,107.0,0.0,1199.15,15.58
121,182.0,1043.0,861.0,423.0,4577.66,548.78
158,237.0,1044.0,807.0,477.0,2733.87,564.57
246,369.0,1044.0,675.0,405.0,2756.53,459.72
184,276.0,1047.0,771.0,347.0,4191.76,408.95
112,168.0,1056.0,888.0,606.0,2822.5,673.71
521,782.0,1056.0,274.0,6.0,2216.49,53.69
145,218.0,1060.0,842.0,532.0,3339.45,630.75
613,920.0,1061.0,141.0,0.0,1426.43,16.75
274,411.0,1065.0,654.0,376.0,2087.05,432.65
383,575.0,1065.0,490.0,112.0,3395.08,195.21
62,93.0,1070.0,977.0,672.0,3483.6,753.73
480,720.0,1074.0,354.0,162.0,2500.77,206.58
413,620.0,1075.0,455.0,227.0,2238.55,271.03
531,797.0,1075.0,278.0,21.0,2597.91,56.22
1,2.0,1079.0,1077.0,866.0,2037.27,911.44
683,1025.0,1079.0,54.0,0.0,367.9,7.02
238,357.0,1086.0,729.0,385.0,3119.91,509.06
449,674.0,1089.0,415.0,60.0,3070.17,183.71
447,671.0,1091.0,420.0,241.0,1956.52,320.66
265,398.0,1092.0,694.0,493.0,1873.84,564.37
469,704.0,1097.0,393.0,99.0,2430.77,137.09
439,659.0,1103.0,444.0,173.0,2298.28,219.81
403,605.0,1104.0,499.0,331.0,1755.87,369.49
160,240.0,1107.0,867.0,463.0,2989.35,531.77
225,338.0,1107.0,769.0,585.0,1389.46,632.54
272,408.0,1107.0,699.0,436.0,2599.62,525.44
502,753.0,1107.0,354.0,166.0,2757.38,212.86
73,110.0,1109.0,999.0,664.0,3095.32,748.98
387,581.0,1109.0,528.0,290.0,2744.04,342.45
251,377.0,1110.0,733.0,447.0,2563.23,548.53
636,954.0,1110.0,156.0,1.0,1330.31,26.78
285,428.0,1111.0,683.0,457.0,2026.79,540.18
19,29.0,1115.0,1086.0,833.0,2818.55,915.36
593,890.0,1117.0,227.0,11.0,1974.16,57.97
292,438.0,1119.0,681.0,381.0,2790.62,443.22
59,89.0,1120.0,1031.0,678.0,3479.86,777.18
392,588.0,1123.0,535.0,349.0,1871.43,396.93
616,924.0,1123.0,199.0,0.0,1865.17,30.11
344,516.0,1124.0,608.0,391.0,2465.76,447.27
254,381.0,1125.0,744.0,436.0,3022.81,507.45
478,717.0,1125.0,408.0,104.0,2331.39,168.95
144,216.0,1126.0,910.0,603.0,2586.85,650.86
454,681.0,1130.0,449.0,168.0,2366.04,224.89
464,696.0,1130.0,434.0,183.0,2893.47,243.88
258,387.0,1132.0,745.0,449.0,2806.4,543.39
273,410.0,1132.0,722.0,506.0,1882.51,562.45
708,1062.0,1134.0,72.0,0.0,1006.06,12.52
590,885.0,1138.0,253.0,66.0,2205.84,102.76
446,669.0,1142.0,473.0,0.0,4459.97,47.67
647,971.0,1142.0,171.0,99.0,880.35,114.21
489,734.0,1149.0,415.0,211.0,2305.0,249.57
32,48.0,1150.0,1102.0,629.0,4184.66,735.43
331,497.0,1155.0,658.0,360.0,2928.31,412.27
180,270.0,1156.0,886.0,563.0,3002.59,640.2
609,914.0,1156.0,242.0,0.0,2488.08,24.24
173,260.0,1157.0,897.0,615.0,3516.28,712.24
731,1097.0,1158.0,61.0,0.0,697.46,9.65
611,917.0,1162.0,245.0,126.0,1072.35,169.17
146,219.0,1166.0,947.0,639.0,3038.46,696.57
321,482.0,1168.0,686.0,382.0,2909.75,433.2
421,632.0,1169.0,537.0,331.0,2439.72,382.72
527,791.0,1170.0,379.0,36.0,3123.1,76.91
735,1103.0,1179.0,76.0,0.0,300.81,20.28
351,527.0,1183.0,656.0,432.0,1454.11,491.14
221,332.0,1184.0,852.0,635.0,1964.31,724.47
425,638.0,1184.0,546.0,209.0,2745.19,278.93
137,206.0,1186.0,980.0,511.0,4351.35,598.91
728,1092.0,1186.0,94.0,0.0,1120.46,14.17
580,870.0,1189.0,319.0,149.0,1511.11,198.48
43,65.0,1192.0,1127.0,738.0,4231.57,845.82
631,947.0,1192.0,245.0,166.0,823.8,190.87
426,639.0,1196.0,557.0,228.0,3249.83,328.8
582,873.0,1197.0,324.0,9.0,3151.51,48.67
537,806.0,1202.0,396.0,114.0,1814.71,158.3
382,573.0,1204.0,631.0,292.0,3656.91,344.97
417,626.0,1204.0,578.0,330.0,2881.19,432.81
637,956.0,1207.0,251.0,95.0,1288.41,136.53
222,333.0,1210.0,877.0,540.0,3017.73,613.4
353,530.0,1211.0,681.0,217.0,4411.75,358.96
82,123.0,1213.0,1090.0,690.0,4722.07,782.36
211,317.0,1213.0,896.0,525.0,4012.31,610.69
543,815.0,1213.0,398.0,1.0,2982.69,44.35
703,1055.0,1213.0,158.0,0.0,1402.39,18.83
276,414.0,1215.0,801.0,362.0,3512.52,465.38
659,989.0,1216.0,227.0,0.0,1588.9,25.35
704,1056.0,1216.0,160.0,8.0,1321.68,26.55
325,488.0,1218.0,730.0,339.0,3342.14,431.25
231,347.0,1221.0,874.0,479.0,4007.15,600.07
488,732.0,1222.0,490.0,220.0,2910.51,301.79
441,662.0,1225.0,563.0,289.0,2923.61,335.19
679,1019.0,1229.0,210.0,64.0,1469.76,85.1
753,1130.0,1229.0,99.0,8.0,842.75,34.08
553,830.0,1232.0,402.0,249.0,1227.71,288.19
717,1076.0,1233.0,157.0,48.0,960.44,76.89
418,627.0,1234.0,607.0,320.0,2810.51,389.46
573,860.0,1236.0,376.0,88.0,3222.42,179.17
444,666.0,1237.0,571.0,162.0,2926.16,262.81
103,155.0,1246.0,1091.0,757.0,2841.87,838.01
506,759.0,1247.0,488.0,238.0,2454.59,299.84
239,359.0,1250.0,891.0,527.0,4490.94,668.91
227,341.0,1253.0,912.0,679.0,2710.89,729.95
666,999.0,1253.0,254.0,9.0,2436.33,42.14
46,69.0,1257.0,1188.0,942.0,2100.76,1008.65
645,968.0,1258.0,290.0,0.0,1349.0,50.62
626,939.0,1264.0,325.0,36.0,2965.45,70.75
12,18.0,1272.0,1254.0,751.0,5116.07,875.81
275,413.0,1277.0,864.0,464.0,4321.2,566.44
512,768.0,1282.0,514.0,300.0,1783.55,375.37
295,443.0,1283.0,840.0,534.0,3523.82,609.17
38,59.0,1286.0,1227.0,880.0,2627.11,976.8
643,965.0,1288.0,323.0,104.0,2478.39,141.47
670,1005.0,1288.0,283.0,194.0,801.35,230.92
299,449.0,1293.0,844.0,721.0,1258.92,781.73
700,1050.0,1293.0,243.0,107.0,943.61,134.58
499,749.0,1295.0,546.0,189.0,3870.27,295.12
773,1160.0,1295.0,135.0,0.0,1273.82,20.4
774,1161.0,1295.0,134.0,0.0,969.96,14.22
516,774.0,1298.0,524.0,192.0,3356.73,244.99
172,258.0,1301.0,1043.0,734.0,3344.67,804.42
102,153.0,1302.0,1149.0,849.0,3295.98,950.36
719,1079.0,1302.0,223.0,105.0,1136.67,147.32
547,821.0,1306.0,485.0,328.0,1587.42,388.55
654,981.0,1306.0,325.0,88.0,3117.14,142.07
448,672.0,1308.0,636.0,98.0,4167.67,179.79
460,690.0,1308.0,618.0,335.0,2490.76,444.5
415,623.0,1316.0,693.0,346.0,4165.75,431.45
705,1058.0,1317.0,259.0,139.0,1286.69,167.89
648,972.0,1318.0,346.0,103.0,1928.18,166.13
481,722.0,1319.0,597.0,267.0,3298.1,320.1
316,474.0,1323.0,849.0,602.0,3002.95,668.26
409,614.0,1323.0,709.0,500.0,2200.97,558.15
756,1134.0,1324.0,190.0,4.0,1897.33,22.87
328,492.0,1325.0,833.0,513.0,4526.37,595.83
595,893.0,1327.0,434.0,354.0,623.72,399.52
534,801.0,1328.0,527.0,317.0,2022.6,360.8
78,117.0,1331.0,1214.0,874.0,4013.03,951.57
51,77.0,1335.0,1258.0,930.0,2745.85,1041.83
845,1268.0,1342.0,74.0,0.0,828.23,16.0
455,683.0,1344.0,661.0,434.0,1875.95,486.44
711,1067.0,1344.0,277.0,141.0,1634.53,176.93
548,822.0,1350.0,528.0,320.0,1997.86,372.36
462,693.0,1352.0,659.0,321.0,3876.39,419.87
459,689.0,1354.0,665.0,252.0,4105.24,335.22
732,1098.0,1355.0,257.0,0.0,2474.91,24.72
249,374.0,1360.0,986.0,707.0,2541.23,811.78
224,336.0,1363.0,1027.0,678.0,3394.9,793.66
414,621.0,1363.0,742.0,392.0,3025.73,509.22
600,900.0,1364.0,464.0,207.0,2727.29,288.59
783,1175.0,1368.0,193.0,0.0,1718.95,18.47
690,1035.0,1369.0,334.0,73.0,2474.42,121.61
741,1112.0,1370.0,258.0,65.0,2561.22,106.24
157,236.0,1372.0,1136.0,592.0,5699.78,728.48
432,648.0,1372.0,724.0,345.0,4289.83,457.54
400,600.0,1373.0,773.0,430.0,4187.23,523.32
614,921.0,1373.0,452.0,308.0,1163.77,345.62
761,1142.0,1374.0,232.0,0.0,2284.64,25.53
594,891.0,1377.0,486.0,357.0,1555.85,385.33
352,528.0,1380.0,852.0,453.0,4436.12,545.55
374,561.0,1380.0,819.0,437.0,3429.53,482.46
687,1031.0,1380.0,349.0,97.0,2239.69,195.45
228,342.0,1381.0,1039.0,851.0,1974.47,924.95
696,1044.0,1381.0,337.0,301.0,387.12,308.5
309,464.0,1388.0,924.0,671.0,2328.24,726.63
394,591.0,1391.0,800.0,544.0,3399.91,649.09
257,386.0,1392.0,1006.0,728.0,3262.59,847.64
649,974.0,1394.0,420.0,211.0,1440.51,240.71
653,980.0,1397.0,417.0,182.0,1710.07,224.95
852,1278.0,1397.0,119.0,16.0,885.82,36.35
815,1223.0,1398.0,175.0,0.0,1977.76,29.91
575,863.0,1399.0,536.0,388.0,1839.96,419.79
737,1106.0,1400.0,294.0,90.0,1987.41,145.59
505,758.0,1401.0,643.0,226.0,4020.87,359.98
475,713.0,1402.0,689.0,347.0,2964.64,400.35
710,1065.0,1405.0,340.0,187.0,1336.39,226.24
430,645.0,1406.0,761.0,534.0,2842.43,608.46
855,1283.0,1408.0,125.0,0.0,1274.64,12.72
656,984.0,1411.0,427.0,181.0,2843.62,227.27
764,1146.0,1415.0,269.0,0.0,2558.41,29.26
493,740.0,1416.0,676.0,481.0,2184.34,535.61
511,768.0,1418.0,650.0,264.0,3589.58,367.93
515,773.0,1418.0,645.0,258.0,3501.21,320.45
820,1230.0,1420.0,190.0,2.0,1619.08,23.94
907,1361.0,1424.0,63.0,0.0,549.31,8.83
483,725.0,1425.0,700.0,178.0,5558.09,269.41
691,1037.0,1425.0,388.0,239.0,1498.8,290.25
738,1107.0,1426.0,319.0,17.0,3101.91,64.85
777,1166.0,1432.0,266.0,99.0,1308.11,138.86
596,894.0,1442.0,548.0,386.0,1553.65,419.54
786,1179.0,1447.0,268.0,77.0,1990.66,123.06
632,948.0,1448.0,500.0,261.0,2254.49,361.7
688,1032.0,1454.0,422.0,264.0,1256.82,311.48
673,1010.0,1457.0,447.0,0.0,4431.45,43.72
916,1374.0,1458.0,84.0,13.0,652.04,26.01
665,998.0,1461.0,463.0,129.0,3561.86,195.25
495,743.0,1464.0,721.0,541.0,1676.58,595.37
620,930.0,1465.0,535.0,239.0,2805.98,339.9
745,1118.0,1466.0,348.0,190.0,1283.1,252.15
597,896.0,1467.0,571.0,186.0,3534.41,256.32
646,969.0,1467.0,498.0,169.0,3030.87,229.04
816,1224.0,1468.0,244.0,113.0,1421.37,143.88
639,959.0,1471.0,512.0,230.0,2736.38,309.96
860,1290.0,1471.0,181.0,0.0,1340.56,18.0
347,521.0,1473.0,952.0,639.0,2404.83,767.35
724,1086.0,1474.0,388.0,236.0,1873.46,292.16
440,660.0,1475.0,815.0,533.0,2430.64,602.93
840,1260.0,1475.0,215.0,140.0,583.07,161.86
707,1061.0,1482.0,421.0,285.0,983.14,345.41
880,1320.0,1482.0,162.0,0.0,1713.62,19.96
618,927.0,1483.0,556.0,353.0,2112.18,411.65
658,987.0,1483.0,496.0,233.0,2090.43,298.04
765,1148.0,1483.0,335.0,159.0,2418.74,180.78
849,1274.0,1483.0,209.0,6.0,2135.59,36.89
677,1016.0,1485.0,469.0,264.0,1241.91,313.34
757,1167.0,1491.0,324.0,243.0,855.51,262.96
739,1109.0,1492.0,383.0,38.0,2790.83,84.83
790,1185.0,1492.0,307.0,197.0,923.52,224.28
518,777.0,1493.0,716.0,368.0,3501.13,438.62
322,483.0,1494.0,1011.0,576.0,3028.07,711.76
270,405.0,1496.0,1091.0,676.0,4247.45,798.27
718,1077.0,1498.0,421.0,209.0,2808.7,273.82
385,578.0,1500.0,922.0,644.0,2755.12,738.1
528,792.0,1500.0,708.0,444.0,2794.94,532.93
561,842.0,1502.0,660.0,283.0,3345.87,342.5
443,665.0,1505.0,840.0,605.0,2394.32,721.83
839,1259.0,1505.0,246.0,0.0,2543.86,23.03
496,744.0,1507.0,763.0,530.0,2726.42,600.56
746,1119.0,1507.0,388.0,198.0,2083.09,257.16
252,378.0,1508.0,1130.0,782.0,4679.82,879.06
342,513.0,1513.0,1000.0,634.0,3213.87,733.86
606,909.0,1514.0,605.0,207.0,3157.42,292.42
950,1425.0,1514.0,89.0,0.0,659.0,10.48
692,1038.0,1515.0,477.0,215.0,2357.88,267.63
196,294.0,1516.0,1222.0,961.0,2312.99,1084.49
491,737.0,1516.0,779.0,522.0,3136.67,595.95
560,840.0,1520.0,680.0,446.0,2490.13,506.79
955,1433.0,1522.0,89.0,0.0,726.25,10.61
54,81.0,1525.0,1444.0,1031.0,4960.59,1131.04
545,818.0,1525.0,707.0,339.0,3946.86,457.13
884,1326.0,1532.0,206.0,103.0,816.51,134.31
572,858.0,1533.0,675.0,433.0,2341.0,520.41
71,107.0,1535.0,1428.0,1221.0,2312.28,1263.79
532,798.0,1537.0,739.0,450.0,3330.54,506.76
535,803.0,1540.0,737.0,477.0,1961.92,556.51
723,1085.0,1540.0,455.0,267.0,1682.7,319.06
854,1281.0,1548.0,267.0,5.0,2412.92,33.38
615,923.0,1552.0,629.0,386.0,2644.42,454.53
205,308.0,1557.0,1249.0,801.0,4777.91,926.56
544,816.0,1561.0,745.0,494.0,2471.23,550.74
851,1277.0,1563.0,286.0,0.0,2771.61,25.08
893,1340.0,1563.0,223.0,0.0,1983.04,25.42
987,1481.0,1564.0,83.0,0.0,790.88,14.88
949,1424.0,1568.0,144.0,0.0,1728.6,12.68
201,302.0,1569.0,1267.0,714.0,4782.65,833.68
944,1416.0,1570.0,154.0,0.0,1566.39,17.0
797,1196.0,1579.0,383.0,128.0,2509.75,173.94
931,1397.0,1579.0,182.0,0.0,1978.33,24.76
651,977.0,1581.0,604.0,299.0,3788.3,357.76
910,1365.0,1586.0,221.0,0.0,2249.06,20.38
789,1184.0,1588.0,404.0,263.0,1242.54,296.46
190,285.0,1592.0,1307.0,871.0,3788.91,982.0
812,1218.0,1595.0,377.0,240.0,1598.8,279.1
633,950.0,1600.0,650.0,341.0,2698.35,403.46
25,38.0,1603.0,1565.0,1042.0,4437.23,1152.82
477,716.0,1603.0,887.0,426.0,4648.54,541.22
698,1047.0,1604.0,557.0,345.0,2754.9,424.75
39,59.0,1607.0,1548.0,1249.0,2777.02,1361.03
267,401.0,1611.0,1210.0,647.0,5427.43,765.79
583,875.0,1611.0,736.0,452.0,3255.99,503.06
808,1212.0,1613.0,401.0,162.0,2105.18,207.53
861,1292.0,1616.0,324.0,156.0,1871.46,184.89
490,735.0,1618.0,883.0,553.0,3548.82,681.05
427,641.0,1620.0,979.0,686.0,3063.45,783.33
908,1362.0,1624.0,262.0,0.0,2577.46,29.89
378,567.0,1625.0,1058.0,447.0,5859.63,609.77
927,1391.0,1625.0,234.0,8.0,1694.59,35.43
975,1463.0,1627.0,164.0,0.0,1243.76,18.71
814,1221.0,1628.0,407.0,267.0,1395.71,314.41
903,1356.0,1630.0,274.0,0.0,2810.87,30.14
926,1389.0,1631.0,242.0,111.0,1497.72,144.77
508,762.0,1635.0,873.0,737.0,872.31,795.27
652,979.0,1635.0,656.0,278.0,3520.85,364.31
650,975.0,1637.0,662.0,423.0,2352.39,486.24
1021,1532.0,1639.0,107.0,25.0,916.85,45.49
571,857.0,1642.0,785.0,379.0,4223.56,451.44
619,929.0,1642.0,713.0,356.0,3456.81,413.53
883,1325.0,1644.0,319.0,189.0,1379.69,218.22
676,1014.0,1645.0,631.0,343.0,2909.91,437.3
869,1304.0,1652.0,348.0,64.0,2578.22,101.13
922,1383.0,1653.0,270.0,0.0,2530.77,24.93
1068,1602.0,1658.0,56.0,0.0,422.54,9.21
874,1311.0,1659.0,348.0,158.0,1445.84,201.68
563,845.0,1660.0,815.0,461.0,3651.78,540.47
736,1104.0,1661.0,557.0,271.0,1954.72,319.14
268,402.0,1663.0,1261.0,939.0,4171.99,1030.26
681,1022.0,1664.0,642.0,416.0,1925.26,471.97
841,1262.0,1664.0,402.0,266.0,906.04,319.52
1040,1560.0,1666.0,106.0,12.0,1008.94,39.76
522,783.0,1675.0,892.0,588.0,2922.55,674.27
798,1197.0,1675.0,478.0,259.0,2204.71,295.52
824,1236.0,1675.0,439.0,252.0,2714.71,307.9
655,983.0,1676.0,693.0,462.0,2580.55,508.75
220,332.0,1678.0,1346.0,1117.0,2320.18,1185.58
897,1346.0,1679.0,333.0,2.0,1935.03,51.21
365,548.0,1680.0,1132.0,836.0,3939.07,941.14
821,1232.0,1680.0,448.0,79.0,3547.84,120.19
727,1091.0,1682.0,591.0,204.0,3077.74,273.08
1003,1505.0,1683.0,178.0,104.0,723.32,124.92
53,80.0,1684.0,1604.0,1247.0,4615.43,1363.93
605,908.0,1687.0,779.0,491.0,2910.51,565.49
689,1034.0,1687.0,653.0,398.0,3134.76,466.8
832,1248.0,1687.0,439.0,237.0,2161.85,279.89
873,1310.0,1690.0,380.0,175.0,2283.46,204.39
1002,1503.0,1698.0,195.0,119.0,888.29,138.14
1096,1644.0,1700.0,56.0,0.0,457.15,11.92
788,1182.0,1702.0,520.0,243.0,2455.85,297.61
482,723.0,1705.0,982.0,782.0,1960.98,850.73
640,960.0,1705.0,745.0,545.0,2193.0,614.69
917,1376.0,1710.0,334.0,0.0,2978.64,31.55
980,1470.0,1714.0,244.0,0.0,2612.94,28.39
939,1409.0,1716.0,307.0,197.0,1303.5,233.1
208,312.0,1717.0,1405.0,1054.0,3103.57,1177.31
519,779.0,1718.0,939.0,563.0,4399.09,689.01
567,851.0,1722.0,871.0,549.0,3364.13,642.18
682,1023.0,1722.0,699.0,590.0,1315.6,619.38
844,1266.0,1727.0,461.0,74.0,3727.55,146.12
1147,1721.0,1729.0,8.0,0.0,30.93,3.12
391,587.0,1730.0,1143.0,881.0,2796.14,940.47
968,1452.0,1730.0,278.0,0.0,2977.6,29.98
1087,1631.0,1731.0,100.0,0.0,510.06,16.75
229,344.0,1732.0,1388.0,1145.0,1915.46,1217.35
801,1202.0,1733.0,531.0,356.0,2037.52,381.97
466,699.0,1734.0,1035.0,847.0,1306.94,917.27
991,1487.0,1735.0,248.0,0.0,2217.31,27.94
804,1206.0,1738.0,532.0,449.0,698.1,473.41
934,1401.0,1739.0,338.0,46.0,2600.71,99.84
904,1356.0,1742.0,386.0,84.0,2922.28,135.74
634,951.0,1743.0,792.0,689.0,1025.25,712.83
943,1415.0,1745.0,330.0,178.0,1008.53,206.14
973,1460.0,1745.0,285.0,241.0,366.3,266.04
995,1493.0,1745.0,252.0,0.0,1442.26,33.43
1092,1638.0,1747.0,109.0,0.0,967.01,11.39
367,551.0,1748.0,1197.0,891.0,3170.44,970.05
509,764.0,1749.0,985.0,861.0,1510.36,895.38
928,1392.0,1749.0,357.0,128.0,2086.32,170.9
31,47.0,1754.0,1707.0,1569.0,1167.15,1630.71
569,854.0,1756.0,902.0,554.0,3299.17,628.05
835,1253.0,1758.0,505.0,242.0,1473.02,297.26
906,1359.0,1758.0,399.0,131.0,2761.5,175.6
286,429.0,1759.0,1330.0,1130.0,2332.56,1168.48
327,491.0,1760.0,1269.0,1027.0,2012.13,1101.01
817,1226.0,1767.0,541.0,445.0,782.69,488.57
599,899.0,1769.0,870.0,532.0,2976.8,601.21
827,1241.0,1781.0,540.0,402.0,1243.55,450.08
1137,1706.0,1786.0,80.0,0.0,817.34,11.3
864,1296.0,1787.0,491.0,203.0,2658.81,295.94
686,1029.0,1798.0,769.0,641.0,1046.96,672.63
836,1254.0,1801.0,547.0,195.0,3172.38,272.65
750,1127.0,1802.0,675.0,391.0,3229.67,455.43
766,1149.0,1802.0,653.0,278.0,3403.94,350.13
148,222.0,1803.0,1581.0,1065.0,4930.17,1215.79
558,837.0,1806.0,969.0,524.0,4446.7,626.7
799,1199.0,1810.0,611.0,325.0,2672.72,394.32
806,1209.0,1810.0,601.0,409.0,2122.06,471.6
314,471.0,1815.0,1344.0,1009.0,4005.33,1128.82
712,1068.0,1815.0,747.0,426.0,3183.01,529.71
1007,1511.0,1818.0,307.0,105.0,1683.43,130.8
1041,1562.0,1823.0,261.0,120.0,1361.56,145.25
877,1316.0,1825.0,509.0,341.0,1647.88,391.99
715,1073.0,1827.0,754.0,397.0,4054.07,517.77
740,1110.0,1831.0,721.0,558.0,1332.98,595.32
837,1256.0,1837.0,581.0,322.0,3226.8,385.04
909,1364.0,1837.0,473.0,0.0,4391.72,41.82
954,1431.0,1841.0,410.0,134.0,2918.24,183.5
952,1428.0,1843.0,415.0,228.0,1983.04,267.55
334,501.0,1844.0,1343.0,1221.0,1062.54,1291.15
134,201.0,1845.0,1644.0,1221.0,5407.89,1357.8
1030,1545.0,1855.0,310.0,46.0,2859.53,119.66
463,695.0,1866.0,1171.0,791.0,4413.77,900.24
924,1386.0,1867.0,481.0,111.0,3803.02,161.33
402,603.0,1871.0,1268.0,936.0,4674.78,1019.16
828,1242.0,1871.0,629.0,447.0,1637.38,502.16
214,321.0,1872.0,1551.0,1200.0,2900.3,1281.8
1016,1524.0,1875.0,351.0,156.0,1820.87,187.87
920,1380.0,1876.0,496.0,313.0,2154.02,367.79
984,1476.0,1876.0,400.0,169.0,2390.85,211.52
1211,1817.0,1876.0,59.0,28.0,180.68,38.59
847,1275.0,1877.0,602.0,430.0,1694.04,470.31
630,945.0,1886.0,941.0,604.0,3570.62,696.78
207,311.0,1887.0,1576.0,1240.0,3547.06,1339.95
754,1131.0,1887.0,756.0,423.0,4359.94,516.58
958,1439.0,1892.0,453.0,178.0,3232.68,250.6
1034,1551.0,1893.0,342.0,125.0,1751.78,163.88
1072,1608.0,1894.0,286.0,0.0,2669.93,26.86
1190,1785.0,1894.0,109.0,0.0,916.18,12.14
748,1122.0,1897.0,775.0,438.0,3500.71,520.6
1057,1586.0,1897.0,311.0,157.0,1560.0,181.85
881,1322.0,1900.0,578.0,383.0,1929.51,426.41
320,480.0,1901.0,1421.0,1049.0,5074.37,1163.16
818,1227.0,1903.0,676.0,246.0,4121.31,348.92
1124,1686.0,1903.0,217.0,27.0,2008.73,46.3
1144,1716.0,1903.0,187.0,36.0,1345.42,64.04
1255,1883.0,1905.0,22.0,0.0,300.18,5.29
979,1469.0,1907.0,438.0,109.0,3096.07,143.67
586,879.0,1909.0,1030.0,624.0,4446.84,747.87
729,1094.0,1916.0,822.0,419.0,4122.83,520.57
770,1155.0,1921.0,766.0,271.0,3928.59,358.15
317,476.0,1922.0,1446.0,1108.0,4266.95,1202.58
1114,1671.0,1924.0,253.0,0.0,1971.49,28.86
566,849.0,1925.0,1076.0,838.0,2115.07,909.62
1061,1592.0,1927.0,335.0,147.0,2228.11,197.86
795,1193.0,1928.0,735.0,381.0,3386.94,500.45
1056,1584.0,1931.0,347.0,200.0,1419.05,229.23
899,1349.0,1932.0,583.0,300.0,3465.97,380.78
1260,1890.0,1935.0,45.0,0.0,346.53,6.56
1045,1568.0,1942.0,374.0,169.0,2660.07,207.09
612,918.0,1944.0,1026.0,616.0,2748.27,666.11
452,678.0,1946.0,1268.0,923.0,2659.2,980.75
1192,1788.0,1948.0,160.0,14.0,1176.3,38.33
122,183.0,1949.0,1766.0,1227.0,4787.33,1358.9
1160,1740.0,1951.0,211.0,0.0,1953.54,22.78
1205,1808.0,1954.0,146.0,0.0,1476.67,19.8
1043,1565.0,1956.0,391.0,136.0,2860.79,174.04
1219,1829.0,1957.0,128.0,0.0,1052.08,17.54
555,833.0,1960.0,1127.0,985.0,1238.41,1042.03
350,525.0,1963.0,1438.0,1181.0,2639.76,1280.42
1180,1770.0,1964.0,194.0,0.0,1355.46,29.49
895,1345.0,1965.0,620.0,297.0,3540.13,397.17
932,1398.0,1967.0,569.0,276.0,2206.82,326.84
933,1400.0,1967.0,567.0,336.0,2198.48,375.57
588,882.0,1976.0,1094.0,841.0,2488.19,924.14
838,1257.0,1976.0,719.0,383.0,3459.8,456.92
1000,1500.0,1978.0,478.0,125.0,3461.85,169.16
760,1140.0,1979.0,839.0,556.0,3014.57,666.9
1018,1527.0,1980.0,453.0,302.0,1521.99,342.9
642,1020.0,1990.0,970.0,751.0,2507.63,833.9
733,1100.0,1990.0,890.0,715.0,1957.8,761.53
1053,1580.0,1990.0,410.0,282.0,1355.54,322.79
1078,1617.0,1990.0,373.0,55.0,2670.69,111.4
313,470.0,2003.0,1533.0,1182.0,3599.76,1264.01
1001,1502.0,2003.0,501.0,314.0,2119.07,359.01
156,234.0,2004.0,1770.0,1443.0,3599.68,1565.09
768,1152.0,2004.0,852.0,546.0,3325.85,623.35
549,824.0,2005.0,1181.0,816.0,3567.39,915.37
785,1178.0,2007.0,829.0,368.0,4460.6,479.79
966,1449.0,2010.0,561.0,369.0,2073.01,412.89
1166,1749.0,2015.0,266.0,125.0,1682.64,146.66
1050,1575.0,2017.0,442.0,179.0,2931.16,224.25
706,1059.0,2020.0,961.0,667.0,2329.53,822.07
1235,1853.0,2020.0,167.0,2.0,1474.2,26.26
1293,1940.0,2020.0,80.0,0.0,659.08,13.02
35,53.0,2022.0,1969.0,1499.0,6025.25,1598.86
699,1049.0,2023.0,974.0,614.0,4924.38,722.45
743,1115.0,2025.0,910.0,468.0,4465.27,598.33
876,1314.0,2031.0,717.0,388.0,3587.68,489.33
1182,1773.0,2036.0,263.0,0.0,2497.14,22.99
1076,1614.0,2041.0,427.0,133.0,3523.86,171.3
1239,1859.0,2043.0,184.0,0.0,1444.61,20.2
1229,1844.0,2046.0,202.0,0.0,1773.03,27.27
1323,1985.0,2048.0,63.0,0.0,450.44,8.07
1129,1694.0,2049.0,355.0,100.0,2640.26,131.74
341,512.0,2050.0,1538.0,1010.0,4294.67,1129.81
470,705.0,2054.0,1349.0,1172.0,1669.69,1236.86
442,663.0,2056.0,1393.0,944.0,5473.93,1090.63
887,1331.0,2056.0,725.0,489.0,2599.52,545.63
971,1457.0,2063.0,606.0,381.0,1756.99,436.76
1136,1704.0,2067.0,363.0,0.0,3245.47,36.43
772,1158.0,2068.0,910.0,662.0,2485.59,727.29
865,1298.0,2068.0,770.0,459.0,3449.7,591.55
870,1305.0,2068.0,763.0,502.0,2661.54,579.63
1094,1641.0,2068.0,427.0,264.0,1538.3,302.22
1074,1611.0,2070.0,459.0,137.0,3026.4,185.2
1210,1815.0,2070.0,255.0,64.0,1345.93,117.76
871,1307.0,2086.0,779.0,523.0,2463.45,614.99
1163,1745.0,2086.0,341.0,218.0,989.49,250.03
608,912.0,2087.0,1175.0,768.0,4073.82,879.61
782,1173.0,2087.0,914.0,395.0,5277.76,503.63
793,1190.0,2089.0,899.0,497.0,4170.6,594.11
951,1427.0,2091.0,664.0,309.0,3771.79,423.98
1023,1535.0,2091.0,556.0,332.0,1697.93,413.84
999,1499.0,2094.0,595.0,260.0,2838.36,338.76
1314,1971.0,2094.0,123.0,0.0,1217.54,12.02
1339,2010.0,2099.0,89.0,0.0,913.86,13.42
1294,1941.0,2100.0,159.0,0.0,1153.59,15.86
1151,1727.0,2104.0,377.0,132.0,2681.45,205.89
1063,1595.0,2105.0,510.0,200.0,3134.05,248.02
982,1473.0,2106.0,633.0,531.0,1041.99,574.37
1117,1676.0,2108.0,432.0,97.0,3317.94,157.79
602,903.0,2110.0,1207.0,618.0,6133.41,739.31
1154,1731.0,2111.0,380.0,269.0,1273.2,286.21
914,1371.0,2112.0,741.0,366.0,4431.55,456.39
1031,1547.0,2114.0,567.0,397.0,1656.16,433.38
867,1301.0,2115.0,814.0,424.0,3832.86,491.41
822,1233.0,2116.0,883.0,578.0,2769.5,666.37
1135,1703.0,2116.0,413.0,0.0,3550.42,44.89
1122,1683.0,2118.0,435.0,189.0,2214.12,280.12
1024,1536.0,2119.0,583.0,360.0,2011.46,401.28
702,1054.0,2121.0,1067.0,626.0,3988.3,811.42
1181,1772.0,2122.0,350.0,20.0,2922.38,86.77
1029,1544.0,2125.0,581.0,251.0,3018.36,381.14
1305,1958.0,2125.0,167.0,1.0,1578.99,26.79
1335,2003.0,2130.0,127.0,0.0,1027.88,13.95
752,1128.0,2131.0,1003.0,407.0,4606.93,574.26
850,1275.0,2135.0,860.0,505.0,3268.9,610.7
473,710.0,2136.0,1426.0,1103.0,2638.61,1221.6
587,886.0,2141.0,1255.0,812.0,4477.22,938.2
1109,1664.0,2141.0,477.0,254.0,2326.02,319.17
92,138.0,2142.0,2004.0,1582.0,3335.52,1709.06
474,711.0,2144.0,1433.0,1334.0,913.74,1373.49
834,1251.0,2147.0,896.0,528.0,3647.76,620.99
675,1013.0,2149.0,1136.0,547.0,6643.03,707.79
1066,1599.0,2153.0,554.0,299.0,2697.85,337.19
1111,1667.0,2153.0,486.0,271.0,2283.85,344.92
1046,1569.0,2156.0,587.0,290.0,3251.75,351.46
1110,1672.0,2157.0,485.0,367.0,843.25,421.61
1272,1908.0,2163.0,255.0,128.0,1094.16,167.21
1008,1512.0,2167.0,655.0,385.0,2715.81,476.14
1028,1542.0,2172.0,630.0,294.0,3330.11,366.71
1082,1623.0,2173.0,550.0,348.0,1492.71,392.8
962,1443.0,2176.0,733.0,311.0,3092.08,427.84
972,1458.0,2177.0,719.0,482.0,2241.31,542.66
1334,2001.0,2179.0,178.0,20.0,979.03,41.5
888,1332.0,2181.0,849.0,441.0,3345.42,521.15
1015,1523.0,2181.0,658.0,324.0,3847.82,443.33
1105,1658.0,2182.0,524.0,178.0,2800.43,231.18
807,1211.0,2183.0,972.0,687.0,2681.85,814.07
1212,1818.0,2185.0,367.0,5.0,3125.2,82.78
358,537.0,2187.0,1650.0,1337.0,3202.73,1448.27
1238,1857.0,2189.0,332.0,31.0,2865.21,64.14
998,1497.0,2190.0,693.0,295.0,2718.48,374.02
901,1352.0,2191.0,839.0,588.0,2774.11,665.74
1089,1634.0,2191.0,557.0,401.0,1282.33,447.11
1090,1635.0,2192.0,557.0,237.0,2724.17,293.71
185,278.0,2195.0,1917.0,1468.0,4796.1,1562.5
1282,1923.0,2195.0,272.0,148.0,1062.69,181.73
1044,1566.0,2197.0,631.0,363.0,2998.6,423.53
1303,1955.0,2197.0,242.0,0.0,1745.13,25.38
974,1461.0,2198.0,737.0,461.0,2935.53,582.47
1414,2121.0,2198.0,77.0,0.0,507.22,11.69
530,795.0,2199.0,1404.0,1222.0,1587.1,1308.77
1244,1866.0,2205.0,339.0,175.0,1330.47,228.98
1224,1838.0,2208.0,370.0,193.0,1463.4,247.03
969,1454.0,2209.0,755.0,517.0,2099.97,589.52
1047,1571.0,2209.0,638.0,263.0,3000.82,318.66
846,1269.0,2211.0,942.0,453.0,3775.69,551.81
1104,1656.0,2211.0,555.0,207.0,3536.07,289.87
1344,2016.0,2211.0,195.0,137.0,407.44,159.13
1236,1854.0,2212.0,358.0,121.0,2585.06,175.94
858,1287.0,2213.0,926.0,637.0,2682.36,708.22
1257,1886.0,2215.0,329.0,0.0,2376.28,36.86
1313,1970.0,2215.0,245.0,78.0,1357.84,110.13
625,938.0,2218.0,1280.0,817.0,5277.06,965.7
1095,1644.0,2218.0,574.0,116.0,4596.28,175.3
1349,2024.0,2218.0,194.0,0.0,1707.1,18.5
1291,1937.0,2219.0,282.0,0.0,2616.13,25.16
1130,1695.0,2221.0,526.0,269.0,2488.49,339.24
1259,1889.0,2222.0,333.0,0.0,2562.75,54.07
1465,2198.0,2223.0,25.0,0.0,159.12,5.13
1306,1959.0,2224.0,265.0,0.0,3007.04,28.48
390,585.0,2227.0,1642.0,1118.0,5057.94,1250.7
1088,1632.0,2227.0,595.0,292.0,2818.21,364.19
976,1464.0,2229.0,765.0,428.0,2805.18,491.83
1437,2156.0,2230.0,74.0,0.0,590.62,11.21
1036,1554.0,2233.0,679.0,497.0,1744.62,540.45
1032,1548.0,2236.0,688.0,387.0,2558.47,475.99
1409,2114.0,2237.0,123.0,0.0,967.35,16.73
1384,2076.0,2244.0,168.0,0.0,1413.38,21.85
1423,2135.0,2246.0,111.0,0.0,1236.03,14.12
1404,2106.0,2248.0,142.0,18.0,1222.2,44.94
1070,1605.0,2250.0,645.0,410.0,2067.95,485.87
1187,1781.0,2258.0,477.0,42.0,3654.96,104.24
376,564.0,2259.0,1695.0,1566.0,1130.22,1621.56
1148,1722.0,2259.0,537.0,288.0,2299.64,377.41
988,1482.0,2263.0,781.0,479.0,2652.95,554.98
878,1317.0,2265.0,948.0,648.0,2913.58,731.25
1258,1887.0,2265.0,378.0,73.0,2536.6,151.26
1010,1515.0,2266.0,751.0,284.0,4580.93,370.3
1395,2093.0,2266.0,173.0,0.0,1298.8,19.29
1213,1820.0,2273.0,453.0,134.0,2742.02,221.07
1357,2036.0,2278.0,242.0,18.0,1849.84,51.17
671,1007.0,2282.0,1275.0,958.0,4272.07,1055.1
1020,1530.0,2284.0,754.0,489.0,2622.75,545.84
905,1358.0,2285.0,927.0,687.0,1737.88,773.22
1411,2117.0,2286.0,169.0,0.0,1714.63,14.92
1139,1709.0,2287.0,578.0,351.0,2139.32,397.94
1222,1833.0,2287.0,454.0,235.0,1926.47,293.15
1098,1647.0,2291.0,644.0,177.0,4373.6,261.4
919,1379.0,2293.0,914.0,538.0,3258.97,632.83
404,606.0,2296.0,1690.0,1257.0,4173.27,1381.4
1106,1659.0,2296.0,637.0,372.0,2457.68,449.76
1206,1809.0,2298.0,489.0,357.0,1306.64,414.72
730,1095.0,2299.0,1204.0,761.0,3880.01,884.94
1103,1655.0,2299.0,644.0,365.0,2685.53,419.73
1452,2178.0,2300.0,122.0,13.0,902.28,29.11
1120,1680.0,2301.0,621.0,226.0,4187.06,306.26
1184,1776.0,2307.0,531.0,355.0,1752.76,382.45
1133,1700.0,2308.0,608.0,425.0,1608.98,486.32
1138,1707.0,2315.0,608.0,361.0,2661.23,446.67
1380,2070.0,2318.0,248.0,55.0,1572.53,81.63
284,426.0,2321.0,1895.0,1356.0,4026.07,1472.38
856,1284.0,2322.0,1038.0,713.0,3083.15,847.91
1112,1668.0,2323.0,655.0,278.0,2909.89,367.14
1059,1589.0,2324.0,735.0,380.0,3683.6,470.88
1353,2030.0,2326.0,296.0,0.0,2365.4,27.16
1352,2028.0,2327.0,299.0,68.0,2380.87,99.38
1194,1791.0,2332.0,541.0,54.0,4774.64,113.31
1324,1986.0,2333.0,347.0,100.0,1847.13,171.24
644,966.0,2335.0,1369.0,1154.0,1973.43,1219.18
1128,1692.0,2335.0,643.0,212.0,3813.66,280.31
1145,1718.0,2338.0,620.0,322.0,3055.36,406.41
1543,2315.0,2339.0,24.0,0.0,153.52,5.52
1482,2223.0,2341.0,118.0,0.0,653.79,20.61
1517,2276.0,2341.0,65.0,0.0,467.35,9.43
556,834.0,2344.0,1510.0,1296.0,1945.75,1379.82
781,1172.0,2344.0,1172.0,892.0,2605.35,975.96
1217,1826.0,2346.0,520.0,179.0,2940.09,254.97
1331,2003.0,2348.0,345.0,0.0,3332.24,34.76
1346,2019.0,2348.0,329.0,119.0,2111.14,157.17
557,836.0,2349.0,1513.0,1225.0,2905.43,1286.13
1178,1767.0,2350.0,583.0,251.0,3484.42,345.41
438,657.0,2354.0,1697.0,1475.0,1973.61,1565.81
1058,1587.0,2357.0,770.0,417.0,4517.75,500.47
1538,2307.0,2357.0,50.0,0.0,354.72,5.64
963,1445.0,2358.0,913.0,566.0,4553.33,698.9
324,486.0,2359.0,1873.0,1428.0,4226.64,1535.32
1461,2192.0,2359.0,167.0,23.0,1033.47,47.92
1400,2100.0,2361.0,261.0,112.0,1801.86,151.41
843,1265.0,2362.0,1097.0,628.0,4665.65,765.1
1252,1878.0,2363.0,485.0,186.0,3173.68,258.82
1401,2102.0,2367.0,265.0,0.0,1373.96,41.46
1457,2186.0,2368.0,182.0,0.0,1582.46,21.86
1458,2187.0,2368.0,181.0,1.0,1669.08,45.6
471,707.0,2370.0,1663.0,1337.0,3343.98,1425.39
1492,2238.0,2371.0,133.0,12.0,1043.95,28.87
1262,1893.0,2372.0,479.0,205.0,3265.0,295.07
1345,2018.0,2374.0,356.0,80.0,2944.36,166.39
900,1350.0,2377.0,1027.0,695.0,3767.06,799.39
709,1064.0,2378.0,1314.0,1167.0,855.98,1215.91
1427,2141.0,2379.0,238.0,135.0,1012.21,160.5
1019,1529.0,2383.0,854.0,489.0,3603.1,557.06
940,1410.0,2385.0,975.0,680.0,2592.55,743.32
1037,1556.0,2385.0,829.0,500.0,3273.83,601.67
1196,1794.0,2385.0,591.0,405.0,1452.84,452.24
1463,2195.0,2387.0,192.0,0.0,1944.69,22.93
1515,2273.0,2393.0,120.0,9.0,1292.1,31.27
866,1299.0,2394.0,1095.0,767.0,3398.53,836.28
1513,2270.0,2394.0,124.0,0.0,962.91,15.52
1202,1803.0,2397.0,594.0,379.0,1877.58,432.76
1435,2153.0,2397.0,244.0,0.0,2250.07,26.39
1237,1856.0,2398.0,542.0,149.0,3101.33,208.12
1516,2274.0,2398.0,124.0,2.0,1346.06,23.21
1507,2262.0,2400.0,138.0,32.0,1462.21,52.12
1042,1563.0,2410.0,847.0,501.0,3687.02,651.79
1588,2382.0,2412.0,30.0,0.0,198.53,9.77
1295,1943.0,2417.0,474.0,301.0,1813.22,345.06
1141,1712.0,2418.0,706.0,483.0,1988.24,558.88
1551,2327.0,2419.0,92.0,0.0,760.11,19.88
1253,1880.0,2420.0,540.0,164.0,4046.31,223.22
1185,1778.0,2421.0,643.0,474.0,1436.52,533.86
1455,2183.0,2423.0,240.0,124.0,1607.33,155.61
236,354.0,2424.0,2070.0,1719.0,3497.49,1813.87
1285,1928.0,2425.0,497.0,242.0,2573.93,285.54
1347,2021.0,2428.0,407.0,267.0,1192.72,342.97
1578,2367.0,2428.0,61.0,0.0,667.83,11.55
485,728.0,2430.0,1702.0,1442.0,2463.69,1535.7
1542,2313.0,2430.0,117.0,0.0,1152.15,18.63
1348,2022.0,2432.0,410.0,228.0,2131.0,288.14
1155,1733.0,2434.0,701.0,419.0,3447.59,487.14
1386,2079.0,2435.0,356.0,0.0,3612.26,33.37
1123,1685.0,2437.0,752.0,279.0,4827.97,364.68
938,1407.0,2438.0,1031.0,695.0,3674.15,768.1
1322,1983.0,2440.0,457.0,407.0,286.01,418.14
1379,2069.0,2440.0,371.0,0.0,3733.7,37.26
1438,2157.0,2440.0,283.0,166.0,903.25,192.63
1134,1701.0,2445.0,744.0,621.0,1509.69,663.22
1419,2129.0,2445.0,316.0,46.0,2717.48,80.27
1069,1604.0,2451.0,847.0,470.0,3935.39,554.89
298,447.0,2453.0,2006.0,1607.0,3694.11,1729.38
1371,2057.0,2454.0,397.0,51.0,3354.71,108.94
1549,2324.0,2454.0,130.0,4.0,1124.93,22.37
1413,2120.0,2455.0,335.0,0.0,3221.9,31.53
1250,1875.0,2461.0,586.0,247.0,2967.09,308.35
1341,2012.0,2462.0,450.0,231.0,2199.88,267.69
978,1467.0,2471.0,1004.0,829.0,1865.03,870.0
1207,1811.0,2475.0,664.0,318.0,2418.77,473.53
1394,2091.0,2480.0,389.0,0.0,2735.34,42.16
1586,2379.0,2480.0,101.0,0.0,687.54,10.57
1289,1934.0,2481.0,547.0,138.0,3584.27,216.56
1580,2370.0,2482.0,112.0,5.0,1360.42,18.33
1108,1662.0,2492.0,830.0,494.0,3116.26,604.74
1355,2033.0,2503.0,470.0,255.0,2018.76,299.9
1573,2360.0,2505.0,145.0,65.0,614.07,81.13
1332,2062.0,2506.0,444.0,284.0,1962.95,323.21
1514,2271.0,2506.0,235.0,0.0,1749.5,25.93
1288,1932.0,2508.0,576.0,457.0,1154.36,486.54
84,126.0,2514.0,2388.0,2196.0,2098.83,2255.4
829,1244.0,2514.0,1270.0,922.0,3639.72,1039.72
1191,1787.0,2515.0,728.0,530.0,1662.43,633.53
1173,1760.0,2517.0,757.0,410.0,4001.19,540.98
1616,2424.0,2517.0,93.0,0.0,945.37,20.27
109,164.0,2518.0,2354.0,1964.0,3384.08,2093.74
1321,1982.0,2523.0,541.0,310.0,2734.98,360.02
911,1367.0,2524.0,1157.0,828.0,3866.99,946.53
1524,2286.0,2524.0,238.0,0.0,2396.33,31.35
498,747.0,2527.0,1780.0,1373.0,4307.87,1533.33
1495,2243.0,2527.0,284.0,77.0,1629.97,117.76
1462,2193.0,2528.0,335.0,168.0,1815.51,203.5
326,1732.0,2533.0,801.0,668.0,1221.76,711.28
1479,2219.0,2541.0,322.0,0.0,3162.49,29.64
1499,2249.0,2544.0,295.0,198.0,923.22,216.98
1075,1613.0,2545.0,932.0,736.0,1617.06,787.27
833,1250.0,2546.0,1296.0,800.0,4847.03,917.69
1520,2280.0,2548.0,268.0,59.0,1933.24,97.35
1296,1944.0,2551.0,607.0,451.0,1541.19,506.89
1203,1805.0,2553.0,748.0,576.0,1602.1,643.63
1243,1865.0,2554.0,689.0,540.0,1352.99,580.14
1385,2122.0,2556.0,434.0,207.0,2077.08,304.03
1065,1598.0,2562.0,964.0,725.0,2131.35,786.09
1688,2532.0,2563.0,31.0,0.0,237.54,5.3
992,1488.0,2564.0,1076.0,606.0,3579.74,761.06
1632,2448.0,2565.0,117.0,0.0,1043.34,14.55
445,668.0,2567.0,1899.0,1411.0,4413.02,1522.58
996,1494.0,2567.0,1073.0,687.0,3954.29,808.63
1369,2054.0,2567.0,513.0,246.0,3059.34,314.54
1472,2208.0,2569.0,361.0,0.0,3133.73,68.93
305,458.0,2571.0,2113.0,1596.0,4341.71,1696.92
1442,2163.0,2571.0,408.0,160.0,2006.23,200.86
389,584.0,2572.0,1988.0,1604.0,3888.46,1715.06
1440,2160.0,2576.0,416.0,223.0,1878.84,301.91
1407,2111.0,2578.0,467.0,244.0,2654.9,332.29
1454,2181.0,2578.0,397.0,0.0,3468.08,38.98
1628,2442.0,2578.0,136.0,0.0,925.22,14.26
1629,2444.0,2578.0,134.0,0.0,1109.84,13.76
1687,2531.0,2580.0,49.0,0.0,312.8,6.55
848,1272.0,2582.0,1310.0,891.0,4470.84,1002.81
1127,1691.0,2585.0,894.0,603.0,2709.88,709.67
1643,2465.0,2585.0,120.0,0.0,1174.45,15.12
842,1263.0,2587.0,1324.0,948.0,3050.73,1038.27
1150,1725.0,2589.0,864.0,455.0,5046.05,564.49
1099,1649.0,2596.0,947.0,542.0,4435.78,637.55
1214,1821.0,2597.0,776.0,488.0,2660.15,555.43
1218,1841.0,2598.0,757.0,555.0,2541.84,609.6
1247,1871.0,2599.0,728.0,431.0,2991.24,484.09
1486,2229.0,2600.0,371.0,147.0,2670.59,182.89
1319,1979.0,2602.0,623.0,333.0,2830.1,413.23
1410,2115.0,2602.0,487.0,283.0,1924.31,334.25
1554,2331.0,2602.0,271.0,7.0,2428.61,60.09
1012,1518.0,2604.0,1086.0,667.0,5707.54,815.87
1460,2190.0,2604.0,414.0,283.0,1110.92,319.79
1526,2289.0,2609.0,320.0,3.0,3240.79,32.81
986,1479.0,2610.0,1131.0,733.0,3624.86,859.59
1269,1904.0,2611.0,707.0,400.0,2833.04,459.59
1119,1679.0,2615.0,936.0,520.0,4010.92,589.84
1361,2042.0,2615.0,573.0,448.0,1313.58,491.34
1165,1748.0,2616.0,868.0,575.0,3117.15,692.61
16,24.0,2617.0,2593.0,2065.0,4625.28,2183.44
1251,1877.0,2621.0,744.0,303.0,4521.86,380.24
1391,2087.0,2622.0,535.0,345.0,1999.62,419.24
1421,2132.0,2622.0,490.0,183.0,2590.2,295.63
468,702.0,2623.0,1921.0,1561.0,3102.47,1692.94
1208,1812.0,2628.0,816.0,492.0,3099.99,631.5
1552,2328.0,2630.0,302.0,113.0,2078.66,153.03
1618,2427.0,2630.0,203.0,0.0,1987.73,20.88
868,1302.0,2631.0,1329.0,772.0,5621.77,917.28
1470,2205.0,2631.0,426.0,108.0,3334.93,193.14
762,1143.0,2634.0,1491.0,1168.0,3041.52,1266.86
1446,2169.0,2634.0,465.0,208.0,2082.47,255.89
1691,2537.0,2634.0,97.0,0.0,815.96,13.26
1113,1670.0,2637.0,967.0,683.0,3651.25,765.26
1329,1994.0,2640.0,646.0,439.0,1843.12,479.9
1186,1779.0,2641.0,862.0,450.0,4946.74,548.82
1351,2027.0,2641.0,614.0,225.0,4129.37,326.75
680,1020.0,2642.0,1622.0,1189.0,4078.16,1290.89
791,1187.0,2644.0,1457.0,1002.0,4180.38,1122.0
872,1308.0,2645.0,1337.0,867.0,4478.04,994.6
1167,1751.0,2645.0,894.0,570.0,3402.92,648.27
1471,2207.0,2645.0,438.0,302.0,1618.23,337.36
1567,2351.0,2646.0,295.0,0.0,2667.95,28.06
1360,2040.0,2647.0,607.0,443.0,1737.54,497.56
1635,2453.0,2647.0,194.0,86.0,873.15,117.4
1389,2084.0,2650.0,566.0,262.0,2587.69,359.33
1304,1956.0,2651.0,695.0,346.0,2639.03,406.07
4,6.0,2656.0,2650.0,2291.0,3591.81,2407.4
1232,1848.0,2657.0,809.0,441.0,3269.61,511.29
1476,2214.0,2659.0,445.0,116.0,2913.27,175.01
1556,2334.0,2659.0,325.0,48.0,2847.0,87.4
1297,1946.0,2661.0,715.0,233.0,5072.55,410.68
1176,1764.0,2663.0,899.0,443.0,5228.19,555.3
1311,1967.0,2664.0,697.0,261.0,5556.45,390.77
1396,2094.0,2667.0,573.0,208.0,3814.6,318.83
1049,1574.0,2672.0,1098.0,870.0,2173.91,925.2
1223,1835.0,2674.0,839.0,571.0,2895.48,634.9
1209,1814.0,2675.0,861.0,413.0,4770.77,495.01
1702,2553.0,2676.0,123.0,0.0,1017.77,13.02
1756,2634.0,2680.0,46.0,0.0,305.71,8.09
1342,2013.0,2681.0,668.0,271.0,3570.92,405.04
1216,1824.0,2683.0,859.0,445.0,3599.21,543.16
1125,1688.0,2684.0,996.0,515.0,4270.11,594.66
1547,2321.0,2684.0,363.0,57.0,2949.9,99.77
1084,1626.0,2686.0,1060.0,865.0,1674.37,912.88
1290,1935.0,2692.0,757.0,470.0,2388.97,537.99
1636,2454.0,2692.0,238.0,0.0,2468.62,22.77
1585,2378.0,2705.0,327.0,0.0,2589.26,38.18
1733,2600.0,2706.0,106.0,0.0,1144.52,18.67
1765,2648.0,2709.0,61.0,0.0,591.81,7.2
1085,1628.0,2714.0,1086.0,872.0,2050.96,938.91
1467,2201.0,2716.0,515.0,412.0,1192.09,438.0
1480,2220.0,2722.0,502.0,108.0,4073.98,196.53
1494,2241.0,2722.0,481.0,309.0,1417.06,359.14
1669,2504.0,2724.0,220.0,0.0,2117.6,18.45
1772,2658.0,2727.0,69.0,21.0,524.77,32.32
1006,1509.0,2729.0,1220.0,701.0,5262.65,815.77
1320,1983.0,2730.0,747.0,555.0,1578.89,606.17
1367,2051.0,2733.0,682.0,372.0,2865.93,435.87
90,135.0,2735.0,2600.0,2229.0,3563.67,2337.12
1545,2318.0,2735.0,417.0,239.0,1607.83,284.87
1541,2312.0,2736.0,424.0,149.0,3139.66,221.39
1270,1905.0,2740.0,835.0,615.0,1705.11,734.18
1242,1863.0,2744.0,881.0,564.0,3295.51,638.95
1199,1799.0,2750.0,951.0,494.0,5320.65,616.25
1428,2142.0,2750.0,608.0,318.0,3012.68,394.83
1620,2430.0,2750.0,320.0,0.0,3341.05,35.61
1752,2628.0,2754.0,126.0,0.0,828.33,20.33
457,686.0,2756.0,2070.0,1895.0,1163.64,1987.57
1302,1953.0,2759.0,806.0,412.0,3348.94,555.62
1393,2090.0,2760.0,670.0,363.0,3125.85,428.01
1582,2373.0,2763.0,390.0,92.0,2870.03,137.39
1745,2618.0,2765.0,147.0,1.0,1447.48,23.96
1732,2598.0,2766.0,168.0,0.0,1546.14,22.9
1179,1769.0,2767.0,998.0,646.0,3056.07,740.32
1607,2411.0,2768.0,357.0,73.0,2024.85,113.87
1301,1952.0,2770.0,818.0,275.0,4266.81,369.91
1592,2388.0,2771.0,383.0,50.0,3023.41,121.51
591,1186.0,2772.0,1586.0,1425.0,1884.85,1457.77
1640,2460.0,2774.0,314.0,168.0,1621.2,213.03
1553,2330.0,2777.0,447.0,286.0,1687.84,321.55
1417,2126.0,2778.0,652.0,223.0,3705.94,344.98
1374,2061.0,2782.0,721.0,542.0,1770.21,602.07
1497,2246.0,2783.0,537.0,331.0,2208.2,406.04
1500,2250.0,2783.0,533.0,196.0,3248.07,247.04
1710,2565.0,2783.0,218.0,52.0,1750.93,77.43
1370,2055.0,2784.0,729.0,292.0,4792.42,449.69
1782,2673.0,2788.0,115.0,0.0,683.75,14.63
1363,2045.0,2790.0,745.0,413.0,2981.92,515.83
1448,2173.0,2791.0,618.0,414.0,2212.66,454.94
1565,2348.0,2792.0,444.0,154.0,2222.26,217.89
279,419.0,2795.0,2376.0,1902.0,5113.59,2011.32
1276,1914.0,2799.0,885.0,387.0,4937.73,462.03
1118,1677.0,2802.0,1125.0,671.0,3902.79,802.48
552,828.0,2804.0,1976.0,1716.0,1920.08,1832.0
1456,2184.0,2806.0,622.0,425.0,1819.8,475.3
1595,2393.0,2806.0,413.0,89.0,3201.2,156.56
1705,2558.0,2807.0,249.0,121.0,1281.39,149.19
381,572.0,2811.0,2239.0,1794.0,5124.54,1923.19
1424,2136.0,2811.0,675.0,522.0,1545.43,575.8
1708,2562.0,2812.0,250.0,14.0,2470.24,48.13
1431,2147.0,2813.0,666.0,312.0,3149.96,388.01
1785,2678.0,2814.0,136.0,11.0,891.12,36.85
1356,2034.0,2816.0,782.0,558.0,2194.24,628.22
1333,2000.0,2819.0,819.0,276.0,4938.01,372.91
1706,2559.0,2820.0,261.0,158.0,1151.67,180.4
1762,2643.0,2824.0,181.0,0.0,1837.65,20.56
1844,2766.0,2824.0,58.0,0.0,420.17,8.54
1474,2211.0,2826.0,615.0,282.0,3022.16,328.88
1307,1961.0,2827.0,866.0,616.0,1787.86,681.81
1315,1973.0,2827.0,854.0,589.0,2942.26,648.17
1284,1926.0,2828.0,902.0,528.0,3815.84,633.08
1744,2616.0,2829.0,213.0,26.0,2023.64,55.06
1661,2492.0,2843.0,351.0,127.0,2195.78,165.95
1550,2325.0,2844.0,519.0,390.0,1043.25,434.62
1377,2066.0,2846.0,780.0,479.0,3239.75,542.27
1634,2451.0,2846.0,395.0,252.0,1155.08,299.89
264,396.0,2847.0,2451.0,2076.0,3185.2,2238.69
1569,2354.0,2847.0,493.0,275.0,1611.46,336.69
1827,2741.0,2849.0,108.0,0.0,1106.66,13.04
663,995.0,2850.0,1855.0,1540.0,2019.69,1637.49
1402,2103.0,2854.0,751.0,516.0,2291.08,567.61
1511,2267.0,2854.0,587.0,180.0,3926.52,248.8
1721,2582.0,2854.0,272.0,0.0,2506.75,27.25
1758,2637.0,2858.0,221.0,15.0,2567.23,47.92
1819,2729.0,2859.0,130.0,42.0,839.63,61.26
1622,2433.0,2861.0,428.0,235.0,2147.86,302.16
1638,2457.0,2868.0,411.0,104.0,3206.12,147.44
1862,2793.0,2874.0,81.0,0.0,640.1,12.96
1561,2342.0,2881.0,539.0,287.0,2469.14,323.47
1546,2322.0,2883.0,561.0,351.0,2511.37,416.24
1605,2408.0,2884.0,476.0,307.0,1714.73,342.34
1781,2672.0,2891.0,219.0,81.0,1628.3,111.58
1653,2480.0,2893.0,413.0,239.0,1630.56,280.09
451,677.0,2894.0,2217.0,1968.0,2084.11,2071.89
1593,2390.0,2894.0,504.0,370.0,864.1,431.31
1372,2058.0,2897.0,839.0,544.0,2758.86,669.65
1443,2165.0,2897.0,732.0,569.0,1832.32,603.77
1200,1800.0,2899.0,1099.0,656.0,4311.08,858.39
1849,2774.0,2899.0,125.0,0.0,1132.94,13.22
1254,1881.0,2900.0,1019.0,533.0,5193.68,663.48
1807,2711.0,2904.0,193.0,3.0,1453.07,30.05
1587,2381.0,2907.0,526.0,295.0,2564.61,378.27
570,855.0,2908.0,2053.0,1630.0,3418.88,1781.99
1658,2487.0,2910.0,423.0,261.0,1730.78,287.58
1722,2583.0,2910.0,327.0,0.0,3775.84,29.31
1174,1761.0,2912.0,1151.0,843.0,3294.52,981.67
1220,1830.0,2912.0,1082.0,931.0,1442.52,962.53
1539,2309.0,2912.0,603.0,220.0,3507.92,301.35
1009,1514.0,2914.0,1400.0,1101.0,2641.57,1201.22
1631,2447.0,2915.0,468.0,283.0,1936.24,327.49
1686,2529.0,2921.0,392.0,80.0,2900.13,229.29
1453,2180.0,2927.0,747.0,385.0,3277.63,503.64
1559,2339.0,2927.0,588.0,439.0,1310.61,482.16
1530,2295.0,2940.0,645.0,401.0,3266.16,460.7
1847,2771.0,2941.0,170.0,0.0,1528.1,17.18
918,1377.0,2942.0,1565.0,1280.0,3002.62,1378.86
1627,2441.0,2943.0,502.0,256.0,2631.82,305.02
1911,2867.0,2943.0,76.0,0.0,663.68,10.15
450,675.0,2944.0,2269.0,1943.0,3682.04,2058.44
1656,2484.0,2944.0,460.0,173.0,2646.31,248.7
1938,2907.0,2946.0,39.0,0.0,306.13,10.44
1501,2252.0,2949.0,697.0,411.0,2961.13,509.97
1611,2417.0,2950.0,533.0,185.0,3563.16,242.73
1821,2732.0,2952.0,220.0,151.0,544.03,179.27
1928,2892.0,2952.0,60.0,0.0,563.58,10.88
1848,2772.0,2955.0,183.0,66.0,1168.85,82.84
775,1163.0,2959.0,1796.0,1543.0,3175.66,1658.95
1933,2900.0,2960.0,60.0,0.0,377.55,9.25
1731,2597.0,2961.0,364.0,142.0,1431.55,243.59
1768,2652.0,2961.0,309.0,161.0,1549.55,187.24
1949,2924.0,2961.0,37.0,0.0,246.21,6.65
1823,2735.0,2964.0,229.0,0.0,2073.49,21.39
420,630.0,2967.0,2337.0,1900.0,5097.29,2033.78
763,1145.0,2972.0,1827.0,1624.0,1239.19,1725.85
1719,2579.0,2972.0,393.0,227.0,1492.37,267.91
1684,2526.0,2973.0,447.0,350.0,822.07,390.0
1198,1797.0,2976.0,1179.0,950.0,2118.3,1038.37
1660,2490.0,2978.0,488.0,87.0,3031.55,143.53
1606,2409.0,2981.0,572.0,353.0,1787.85,424.31
1713,2570.0,2983.0,413.0,298.0,1284.88,333.02
1610,2415.0,2984.0,569.0,312.0,1952.31,366.42
1650,2475.0,2984.0,509.0,325.0,1997.94,378.98
1275,1913.0,2986.0,1073.0,763.0,2994.44,854.28
1475,2213.0,2987.0,774.0,551.0,1994.22,602.56
1535,2303.0,2987.0,684.0,455.0,1849.39,530.07
1590,2385.0,2990.0,605.0,291.0,2839.54,354.73
1775,2663.0,2991.0,328.0,112.0,2452.08,172.34
981,1472.0,2992.0,1520.0,1201.0,3258.88,1265.72
1310,1965.0,2996.0,1031.0,666.0,3549.35,766.16
1615,2423.0,2998.0,575.0,134.0,3413.09,308.75
1902,2853.0,2998.0,145.0,0.0,1386.33,13.94
1648,2472.0,3000.0,528.0,293.0,2985.87,364.81
1741,2612.0,3000.0,388.0,216.0,2024.95,245.45
1790,2685.0,3000.0,315.0,190.0,1677.48,218.82
1158,1737.0,3001.0,1264.0,1005.0,2523.97,1100.44
503,755.0,3002.0,2247.0,1839.0,3858.03,1985.45
1373,2060.0,3002.0,942.0,536.0,3365.9,641.58
1746,2619.0,3002.0,383.0,192.0,1880.7,234.86
1828,2743.0,3003.0,260.0,21.0,2249.31,47.58
1967,2951.0,3004.0,53.0,0.0,538.34,11.73
178,267.0,3006.0,2739.0,2535.0,1843.01,2622.95
1773,2660.0,3006.0,346.0,0.0,3079.2,30.42
1612,2418.0,3007.0,589.0,345.0,2185.94,404.48
1316,1974.0,3008.0,1034.0,693.0,3205.43,843.21
1716,2574.0,3009.0,435.0,118.0,3485.3,185.86
1834,2751.0,3009.0,258.0,0.0,2496.97,21.26
1509,2264.0,3010.0,746.0,433.0,3073.51,478.62
1527,2291.0,3010.0,719.0,338.0,3728.02,410.93
1838,2757.0,3012.0,255.0,0.0,2055.08,28.38
1548,2322.0,3013.0,691.0,504.0,1790.16,586.06
1249,1874.0,3014.0,1140.0,778.0,3885.81,873.89
1278,1917.0,3017.0,1100.0,770.0,2655.3,932.25
1805,2708.0,3018.0,310.0,216.0,766.22,245.05
1755,2633.0,3028.0,395.0,65.0,3269.4,137.68
423,635.0,3030.0,2395.0,1924.0,5299.25,2063.64
1359,2039.0,3031.0,992.0,494.0,4566.67,596.06
1681,2522.0,3035.0,513.0,328.0,1766.27,388.83
2004,3006.0,3035.0,29.0,0.0,223.11,7.86
1937,2906.0,3038.0,132.0,31.0,798.28,58.46
1817,2805.0,3040.0,235.0,6.0,1415.69,75.19
1378,2067.0,3041.0,974.0,506.0,4522.23,584.45
1672,2508.0,3041.0,533.0,90.0,3772.18,169.9
1639,2459.0,3046.0,587.0,143.0,3883.22,313.75
1726,2589.0,3047.0,458.0,369.0,792.15,408.37
1171,1757.0,3048.0,1291.0,1030.0,2261.52,1104.26
1286,1929.0,3056.0,1127.0,754.0,4744.23,879.61
1266,1899.0,3059.0,1160.0,827.0,3654.68,984.52
1447,2171.0,3065.0,894.0,465.0,4399.79,518.98
1584,2376.0,3065.0,689.0,235.0,3832.06,374.4
1923,2885.0,3067.0,182.0,0.0,1750.3,18.99
1564,2346.0,3068.0,722.0,390.0,2867.77,461.26
1597,2396.0,3070.0,674.0,274.0,3535.43,428.26
1712,2568.0,3071.0,503.0,123.0,3301.04,248.03
1531,2297.0,3072.0,775.0,542.0,2282.24,620.27
1626,2439.0,3075.0,636.0,267.0,3177.97,333.57
1308,1962.0,3080.0,1118.0,752.0,3856.52,868.79
1566,2349.0,3081.0,732.0,476.0,2415.65,538.96
1637,2456.0,3085.0,629.0,367.0,2824.65,415.88
1233,1850.0,3087.0,1237.0,966.0,2925.18,1048.17
1932,2898.0,3087.0,189.0,0.0,2070.25,22.9
1466,2199.0,3089.0,890.0,545.0,3644.16,612.26
1860,2790.0,3089.0,299.0,0.0,3054.72,25.47
1570,2355.0,3093.0,738.0,423.0,2948.6,514.76
329,494.0,3094.0,2600.0,2316.0,2527.47,2405.11
554,831.0,3095.0,2264.0,2119.0,1274.9,2172.42
1532,2298.0,3097.0,799.0,209.0,5803.45,307.87
1833,2750.0,3101.0,351.0,204.0,1176.3,233.59
1579,2369.0,3104.0,735.0,371.0,3682.5,513.84
1921,2882.0,3106.0,224.0,0.0,1937.96,20.73
1362,2043.0,3109.0,1066.0,674.0,3754.7,847.39
755,1133.0,3110.0,1977.0,1443.0,3984.73,1561.92
1728,2592.0,3111.0,519.0,173.0,3188.36,224.15
1062,1593.0,3113.0,1520.0,1318.0,2189.44,1394.3
1811,2717.0,3115.0,398.0,77.0,2861.73,124.26
1857,2786.0,3116.0,330.0,73.0,1919.23,127.33
1863,2795.0,3116.0,321.0,0.0,3074.85,25.41
1678,2517.0,3118.0,601.0,350.0,2410.05,419.95
1939,2909.0,3118.0,209.0,0.0,1772.29,25.06
193,290.0,3121.0,2831.0,2314.0,4822.81,2488.51
1887,2831.0,3121.0,290.0,124.0,1781.61,144.29
1426,2139.0,3126.0,987.0,560.0,4034.14,734.25
1873,2810.0,3126.0,316.0,241.0,817.51,259.83
1889,2834.0,3130.0,296.0,99.0,2267.38,134.12
1839,2759.0,3131.0,372.0,0.0,2233.57,61.66
1831,2747.0,3132.0,385.0,258.0,1122.01,290.15
1837,2756.0,3134.0,378.0,84.0,2563.49,133.52
1986,2979.0,3134.0,155.0,34.0,979.33,65.46
1575,2363.0,3136.0,773.0,372.0,3793.85,457.26
1703,2555.0,3138.0,583.0,403.0,1978.7,443.84
1896,2844.0,3141.0,297.0,107.0,2097.16,133.95
1927,2891.0,3142.0,251.0,3.0,1608.67,42.32
1806,2709.0,3146.0,437.0,216.0,2860.11,256.06
1865,2798.0,3146.0,348.0,175.0,1635.11,214.6
1777,2666.0,3147.0,481.0,282.0,1904.17,311.9
1325,1988.0,3155.0,1167.0,826.0,3688.23,923.88
1909,2864.0,3158.0,294.0,0.0,2604.79,31.75
726,1089.0,3159.0,2070.0,1782.0,2039.15,1885.88
1961,2942.0,3159.0,217.0,0.0,1807.51,21.63
1477,2216.0,3160.0,944.0,419.0,4937.06,509.4
1484,2226.0,3161.0,935.0,570.0,4037.79,643.91
1537,2306.0,3162.0,856.0,548.0,3810.09,646.5
200,300.0,3163.0,2863.0,2513.0,3060.81,2648.42
1623,2435.0,3168.0,733.0,214.0,4765.28,353.31
1430,2145.0,3169.0,1024.0,611.0,4609.31,732.95
1835,2755.0,3170.0,415.0,164.0,2725.84,241.53
428,642.0,3171.0,2529.0,2105.0,3633.08,2263.92
2020,3030.0,3175.0,145.0,0.0,902.83,18.95
1976,2964.0,3178.0,214.0,0.0,1963.87,38.28
1800,2700.0,3179.0,479.0,211.0,2920.49,261.44
1086,1629.0,3181.0,1552.0,805.0,5514.16,949.45
1574,2361.0,3186.0,825.0,445.0,3743.02,628.0
1774,2661.0,3187.0,526.0,401.0,1488.14,430.41
1969,2954.0,3187.0,233.0,41.0,1730.33,76.17
1263,1901.0,3190.0,1289.0,850.0,5273.09,970.09
2071,3107.0,3190.0,83.0,0.0,730.19,9.75
2098,3147.0,3190.0,43.0,0.0,353.49,6.33
1797,2696.0,3191.0,495.0,210.0,3335.53,267.04
1959,2939.0,3192.0,253.0,25.0,1773.91,54.55
2043,3065.0,3193.0,128.0,0.0,1261.96,12.63
1666,2499.0,3194.0,695.0,373.0,3440.84,434.19
1793,2690.0,3194.0,504.0,209.0,3039.23,273.56
1964,2946.0,3194.0,248.0,19.0,2711.67,51.5
1534,2302.0,3195.0,893.0,632.0,2746.64,718.05
1398,2097.0,3197.0,1100.0,943.0,1587.67,978.14
891,1337.0,3198.0,1861.0,1606.0,2251.68,1681.8
1881,2822.0,3200.0,378.0,2.0,3474.02,41.61
2063,3095.0,3204.0,109.0,34.0,817.27,50.16
1149,1724.0,3208.0,1484.0,922.0,5614.06,1030.15
1159,1739.0,3210.0,1471.0,1064.0,4398.89,1162.67
2015,3023.0,3211.0,188.0,0.0,1628.4,23.9
1934,2901.0,3213.0,312.0,34.0,2553.16,81.54
2029,3044.0,3213.0,169.0,0.0,1479.6,20.05
1730,2595.0,3225.0,630.0,364.0,2459.08,417.83
1957,2936.0,3226.0,290.0,0.0,2928.1,22.28
1893,2840.0,3228.0,388.0,159.0,2091.83,213.64
1941,2913.0,3231.0,318.0,169.0,1428.79,219.76
1714,2571.0,3232.0,661.0,313.0,3016.31,367.7
2058,3087.0,3233.0,146.0,0.0,1233.49,13.47
1737,2606.0,3234.0,628.0,401.0,2257.73,474.82
2106,3159.0,3241.0,82.0,0.0,749.95,10.67
1718,2580.0,3248.0,668.0,217.0,4064.68,292.47
1193,1790.0,3253.0,1463.0,1257.0,1187.5,1314.25
1655,2483.0,3254.0,771.0,467.0,3104.85,524.88
1944,2916.0,3259.0,343.0,127.0,2877.65,169.29
2101,3152.0,3262.0,110.0,21.0,848.76,41.35
1727,2591.0,3264.0,673.0,498.0,1670.09,565.8
2024,3036.0,3265.0,229.0,0.0,1745.98,24.63
622,933.0,3268.0,2335.0,1970.0,4419.44,2079.88
1675,2513.0,3270.0,757.0,400.0,3118.99,480.41
2120,3180.0,3274.0,94.0,0.0,764.57,12.97
1560,2340.0,3278.0,938.0,809.0,1233.34,846.25
1444,2166.0,3282.0,1116.0,968.0,1672.44,994.17
1795,2693.0,3282.0,589.0,321.0,2719.98,390.9
2061,3092.0,3282.0,190.0,0.0,1898.9,16.87
1483,2225.0,3285.0,1060.0,839.0,2196.14,903.75
1602,2403.0,3285.0,882.0,654.0,2451.16,745.42
1764,2646.0,3286.0,640.0,226.0,3564.56,287.72
1955,2933.0,3288.0,355.0,207.0,1191.7,243.75
1659,2489.0,3291.0,802.0,665.0,1088.66,712.53
1679,2519.0,3291.0,772.0,526.0,2462.34,608.36
2074,3111.0,3293.0,182.0,0.0,1232.65,29.46
1900,2850.0,3296.0,446.0,176.0,2164.61,239.3
294,441.0,3306.0,2865.0,2541.0,3625.55,2657.34
1824,2736.0,3306.0,570.0,213.0,3199.24,262.86
1665,2498.0,3310.0,812.0,600.0,2421.6,657.33
1392,2088.0,3311.0,1223.0,969.0,2785.34,1021.79
1867,2801.0,3313.0,512.0,287.0,2656.01,336.28
1899,2849.0,3313.0,464.0,264.0,2181.2,311.4
2093,3140.0,3314.0,174.0,0.0,1378.96,17.59
2165,3248.0,3316.0,68.0,0.0,593.16,9.44
1742,2613.0,3320.0,707.0,343.0,2905.91,393.23
2166,3249.0,3320.0,71.0,0.0,491.42,8.61
1603,2405.0,3329.0,924.0,637.0,3500.88,757.16
1995,2993.0,3329.0,336.0,54.0,2663.1,140.81
1183,1775.0,3330.0,1555.0,1255.0,3000.09,1346.58
1241,1862.0,3332.0,1470.0,1250.0,2490.38,1296.14
2188,3284.0,3332.0,48.0,0.0,368.13,9.87
5,8.0,3335.0,3327.0,2999.0,2911.09,3079.41
2182,3273.0,3336.0,63.0,0.0,763.09,8.8
1287,1931.0,3337.0,1406.0,949.0,4796.33,1068.56
1960,2940.0,3338.0,398.0,37.0,3590.99,115.86
2193,3290.0,3338.0,48.0,0.0,409.85,7.84
1958,2937.0,3344.0,407.0,0.0,3413.33,42.66
792,1188.0,3346.0,2158.0,1736.0,4017.08,1884.81
2153,3230.0,3350.0,120.0,0.0,1237.67,16.88
2178,3267.0,3352.0,85.0,0.0,783.55,10.96
1874,2811.0,3353.0,542.0,307.0,2175.57,373.43
1891,2837.0,3354.0,517.0,190.0,3457.62,280.73
2164,3246.0,3354.0,108.0,0.0,1038.32,13.07
635,953.0,3358.0,2405.0,2094.0,2544.21,2217.1
1449,2174.0,3359.0,1185.0,1023.0,1475.06,1069.93
1854,2781.0,3366.0,585.0,271.0,3394.2,321.84
2080,3120.0,3377.0,257.0,40.0,1746.53,79.15
1929,2894.0,3383.0,489.0,242.0,2132.56,317.28
1277,1916.0,3385.0,1469.0,1055.0,4591.08,1193.82
744,1116.0,3386.0,2270.0,1959.0,2145.69,2064.27
2023,3035.0,3387.0,352.0,183.0,1810.66,226.7
1856,2784.0,3388.0,604.0,262.0,3682.64,344.53
1792,2688.0,3389.0,701.0,344.0,3466.39,439.85
2100,3150.0,3391.0,241.0,13.0,2091.56,54.12
1662,2493.0,3392.0,899.0,129.0,5298.84,224.7
1992,2988.0,3394.0,406.0,0.0,3746.26,43.6
1558,2337.0,3400.0,1063.0,599.0,4309.12,704.79
1725,2588.0,3400.0,812.0,418.0,4522.68,517.24
1966,2949.0,3403.0,454.0,246.0,1931.83,290.86
2194,3291.0,3404.0,113.0,0.0,1053.75,13.67
1901,2852.0,3405.0,553.0,293.0,2105.14,351.67
621,932.0,3408.0,2476.0,2021.0,5182.18,2176.34
104,156.0,3411.0,3255.0,2760.0,5086.54,2878.09
1343,2015.0,3414.0,1399.0,901.0,5297.57,1041.29
2261,3392.0,3414.0,22.0,0.0,240.43,3.55
2112,3168.0,3420.0,252.0,62.0,1993.34,86.92
1815,2723.0,3421.0,698.0,440.0,2235.97,484.07
2217,3326.0,3421.0,95.0,0.0,810.07,12.68
2110,3165.0,3429.0,264.0,159.0,1315.96,184.48
2085,3128.0,3433.0,305.0,213.0,1009.24,238.59
1769,2654.0,3436.0,782.0,541.0,1996.31,586.13
2239,3359.0,3439.0,80.0,0.0,580.21,15.1
1601,2402.0,3441.0,1039.0,754.0,3619.09,822.79
364,546.0,3445.0,2899.0,2418.0,4243.77,2601.66
2013,3020.0,3445.0,425.0,230.0,1463.96,284.92
1364,2046.0,3446.0,1400.0,891.0,4590.22,1088.34
2091,3137.0,3448.0,311.0,5.0,2473.78,68.26
947,1421.0,3452.0,2031.0,1497.0,4097.21,1644.63
1676,2514.0,3452.0,938.0,461.0,4092.54,619.36
2209,3314.0,3452.0,138.0,0.0,1003.28,17.73
2141,3212.0,3457.0,245.0,105.0,1440.48,149.19
1399,2101.0,3459.0,1358.0,1165.0,1766.63,1256.22
1826,2739.0,3459.0,720.0,491.0,1798.93,548.32
2229,3344.0,3462.0,118.0,0.0,961.71,31.4
1925,2888.0,3463.0,575.0,450.0,854.41,472.87
550,825.0,3465.0,2640.0,2386.0,2184.74,2482.44
993,1490.0,3467.0,1977.0,1389.0,4416.86,1519.06
2262,3393.0,3468.0,75.0,3.0,880.44,13.61
1814,2721.0,3471.0,750.0,512.0,2169.71,611.42
2249,3374.0,3472.0,98.0,0.0,622.42,15.79
1598,2397.0,3473.0,1076.0,859.0,2467.26,952.47
1617,2426.0,3473.0,1047.0,718.0,4316.87,811.48
1888,2832.0,3475.0,643.0,388.0,2112.79,468.03
2170,3255.0,3475.0,220.0,15.0,2117.61,60.67
1813,2720.0,3476.0,756.0,504.0,2533.31,571.84
2017,3026.0,3477.0,451.0,198.0,2640.83,292.14
2102,3153.0,3477.0,324.0,205.0,1016.59,238.01
2297,3446.0,3477.0,31.0,0.0,303.14,10.27
2042,3063.0,3482.0,419.0,0.0,3168.02,68.22
1715,2573.0,3484.0,911.0,727.0,1894.24,790.13
542,813.0,3490.0,2677.0,2139.0,4409.13,2293.31
2000,3000.0,3491.0,491.0,263.0,1927.96,328.16
2070,3105.0,3491.0,386.0,108.0,2568.74,147.98
1596,2394.0,3492.0,1098.0,798.0,3778.44,917.74
2227,3341.0,3492.0,151.0,0.0,1553.91,17.91
767,1151.0,3493.0,2342.0,1952.0,3535.85,2111.43
2026,3039.0,3494.0,455.0,179.0,2996.57,244.79
2175,3263.0,3494.0,231.0,14.0,2124.17,46.93
1504,2256.0,3495.0,1239.0,1075.0,1419.87,1113.4
2121,3182.0,3495.0,313.0,39.0,2667.27,103.24
1503,2255.0,3497.0,1242.0,804.0,3878.64,941.43
2022,3033.0,3497.0,464.0,208.0,2962.06,255.42
1799,2699.0,3498.0,799.0,495.0,3255.89,555.88
1984,2976.0,3499.0,523.0,165.0,3523.93,244.24
1505,2258.0,3501.0,1243.0,802.0,3799.81,952.43
2231,3347.0,3501.0,154.0,56.0,687.07,72.25
1420,2130.0,3505.0,1375.0,758.0,5873.98,965.84
1568,2352.0,3507.0,1155.0,666.0,5903.23,772.95
1825,2738.0,3509.0,771.0,418.0,3427.06,506.88
1619,2429.0,3513.0,1084.0,696.0,3786.85,842.6
1801,2702.0,3513.0,811.0,523.0,2986.72,582.25
1646,2469.0,3515.0,1046.0,610.0,4241.86,719.66
1788,2682.0,3519.0,837.0,461.0,3497.81,545.64
1989,2984.0,3521.0,537.0,132.0,3529.36,189.74
2184,3276.0,3521.0,245.0,0.0,2008.09,28.53
1780,2670.0,3525.0,855.0,448.0,2852.52,523.94
1885,2828.0,3525.0,697.0,372.0,3563.6,442.86
1866,2799.0,3529.0,730.0,538.0,1771.27,601.71
2200,3300.0,3532.0,232.0,87.0,1452.34,106.32
1770,2655.0,3537.0,882.0,575.0,2673.05,685.94
2212,3318.0,3540.0,222.0,0.0,2265.29,20.27
1735,2603.0,3542.0,939.0,527.0,4159.7,672.79
1512,2268.0,3546.0,1278.0,913.0,4813.78,1018.84
684,1026.0,3547.0,2521.0,1938.0,4364.6,2037.85
2221,3332.0,3552.0,220.0,0.0,1975.8,22.98
1594,2391.0,3556.0,1165.0,893.0,2780.34,968.0
2081,3122.0,3557.0,435.0,242.0,2083.77,275.95
1485,2228.0,3559.0,1331.0,983.0,3289.48,1130.41
1796,2694.0,3560.0,866.0,500.0,3873.58,583.54
579,869.0,3562.0,2693.0,2169.0,4022.5,2337.51
2305,3458.0,3562.0,104.0,0.0,469.83,17.45
1256,1884.0,3563.0,1679.0,1464.0,1436.43,1550.24
2056,3084.0,3565.0,481.0,215.0,3188.3,264.91
2172,3258.0,3565.0,307.0,110.0,1910.23,168.17
1910,2865.0,3570.0,705.0,437.0,2625.21,533.82
1876,2814.0,3572.0,758.0,205.0,4700.85,284.5
2035,3053.0,3574.0,521.0,334.0,1686.78,375.19
2203,3305.0,3576.0,271.0,12.0,2562.5,51.25
1734,2601.0,3577.0,976.0,624.0,3936.12,711.49
1544,2316.0,3579.0,1263.0,866.0,3908.55,1000.34
2131,3197.0,3579.0,382.0,0.0,3455.16,39.8
624,936.0,3580.0,2644.0,2150.0,3748.28,2348.48
2338,3507.0,3580.0,73.0,2.0,738.32,30.03
2078,3117.0,3584.0,467.0,199.0,2904.2,296.54
1897,2846.0,3585.0,739.0,525.0,2159.7,553.22
410,615.0,3589.0,2974.0,2499.0,4583.64,2664.77
1987,2981.0,3591.0,610.0,135.0,3913.07,203.9
2113,3170.0,3593.0,423.0,244.0,1770.99,300.4
